order_id,order_date,customer_id,employee_id
ORD43787,2018-09-13,264669698729,EMP0036
ORD38915,2026-05-09,95968902156,EMP0036
ORD94498,2024-04-11,86842533292,EMP0008
ORD24702,2025-07-18,490649538773,EMP0002
ORD99350,2026-06-05,930164721067,EMP0011
ORD12397,2021-11-12,963400488960,EMP0024
ORD36563,2019-10-07,48314975003,EMP0027
ORD69745,2026-03-06,310686039415,EMP0002
ORD21229,2023-11-12,897623808167,EMP0027
ORD44884,2024-09-29,73472015486,EMP0030
ORD49938,2017-02-18,505813253351,EMP0009
ORD82600,2018-05-20,583844134809,EMP0002
ORD76304,2017-07-11,268104525924,EMP0036
ORD87734,2023-06-25,467167055404,EMP0009
ORD17791,2019-03-31,174785770193,EMP0024
ORD49780,2021-04-09,561072850211,EMP0009
ORD88688,2025-12-13,19196356226,EMP0030
ORD28265,2022-05-31,48314975003,EMP0027
ORD93668,2020-08-04,367970005064,EMP0002
ORD46202,2019-06-01,201736639751,EMP0024
ORD62904,2021-04-26,635777671951,EMP0009
ORD32397,2017-09-07,489259584416,EMP0036
ORD92353,2020-09-07,233888433191,EMP0030
ORD77726,2017-10-24,777163017654,EMP0030
ORD57525,2021-01-20,15397054943,EMP0009
ORD83075,2025-12-20,108924480315,EMP0036
ORD71090,2023-06-10,70229266728,EMP0008
ORD79791,2021-09-01,593838282591,EMP0035
ORD82062,2021-11-18,949490549348,EMP0009
ORD13645,2023-09-07,935958659210,EMP0009
ORD32346,2025-01-23,811443258717,EMP0036
ORD20869,2023-12-11,115057566047,EMP0035
ORD88400,2020-07-13,281028348345,EMP0024
ORD19378,2024-06-03,141868539856,EMP0002
ORD35399,2022-08-22,801528982316,EMP0035
ORD88353,2023-03-29,751461939823,EMP0024
ORD73236,2017-03-02,820174865880,EMP0036
ORD84162,2020-09-01,572304301150,EMP0024
ORD80222,2018-07-29,367431611517,EMP0002
ORD35372,2021-09-26,467167055404,EMP0030
ORD45052,2022-05-26,355128146546,EMP0035
ORD63661,2024-01-26,662055187144,EMP0002
ORD93745,2026-04-25,467842582157,EMP0036
ORD54411,2025-10-07,478493228159,EMP0008
ORD61944,2018-01-01,111637324117,EMP0036
ORD20529,2021-03-19,661096661171,EMP0027
ORD42471,2019-06-17,159926405698,EMP0024
ORD68192,2020-05-05,458441202978,EMP0030
ORD10604,2026-03-08,456500426083,EMP0035
ORD98901,2019-01-18,966199416754,EMP0009
ORD27831,2017-12-29,78114384791,EMP0009
ORD30672,2022-08-21,237827170558,EMP0035
ORD92020,2019-02-26,141868539856,EMP0002
ORD28336,2025-09-21,755898644412,EMP0009
ORD93557,2026-01-06,978138194750,EMP0024
ORD34634,2019-11-21,937603796445,EMP0027
ORD22340,2024-09-19,682827105211,EMP0030
ORD15865,2024-04-28,17107284773,EMP0002
ORD42241,2023-02-24,399088520398,EMP0008
ORD96407,2018-05-09,930164721067,EMP0002
ORD31445,2022-11-19,28084668880,EMP0030
ORD31175,2024-09-21,588108270500,EMP0036
ORD77628,2019-02-13,106689707156,EMP0030
ORD43896,2025-09-04,654117291365,EMP0036
ORD77103,2017-05-03,67108848660,EMP0030
ORD18240,2020-08-19,66759784695,EMP0009
ORD69287,2025-03-31,784774059431,EMP0030
ORD18212,2019-08-21,167738102512,EMP0036
ORD43566,2017-08-15,69626469890,EMP0024
ORD26350,2020-12-08,259665336546,EMP0030
ORD71973,2025-09-05,684292465497,EMP0036
ORD10354,2021-12-20,546316504327,EMP0030
ORD82101,2023-10-01,243793091515,EMP0002
ORD25961,2018-12-02,180742338050,EMP0036
ORD56902,2024-03-22,793675662209,EMP0030
ORD88099,2020-05-24,90042563052,EMP0009
ORD89202,2019-07-22,804122389846,EMP0030
ORD86007,2021-01-11,59553509834,EMP0035
ORD11948,2024-07-14,654668995403,EMP0027
ORD65559,2019-09-28,847222674221,EMP0036
ORD88511,2021-05-12,15397054943,EMP0035
ORD63944,2026-06-09,613305910991,EMP0008
ORD94836,2026-06-04,399088520398,EMP0002
ORD15279,2024-12-20,786416628243,EMP0036
ORD88812,2017-12-14,973406257397,EMP0024
ORD52001,2020-09-16,843689462156,EMP0009
ORD91997,2019-05-24,342581811949,EMP0030
ORD49514,2025-03-18,69626469890,EMP0009
ORD43718,2021-04-27,142898293983,EMP0035
ORD23317,2020-06-16,53808051844,EMP0036
ORD21948,2022-01-09,111637324117,EMP0036
ORD85232,2025-02-19,44932092345,EMP0002
ORD73445,2019-02-09,9984557441,EMP0009
ORD24758,2023-06-29,506780106338,EMP0030
ORD24986,2018-12-29,406075145672,EMP0002
ORD64737,2021-02-09,90136895966,EMP0036
ORD77665,2019-12-05,588108270500,EMP0036
ORD86634,2020-12-21,674537828289,EMP0009
ORD77257,2018-12-05,475289864606,EMP0036
ORD61772,2026-04-22,505813253351,EMP0011
ORD13969,2023-02-17,744928504106,EMP0036
ORD58311,2021-04-21,784774059431,EMP0024
ORD10033,2024-08-14,100493764974,EMP0036
ORD77152,2021-08-16,539375279033,EMP0027
ORD45529,2019-10-07,28514672008,EMP0030
ORD69867,2026-03-23,519385673337,EMP0009
ORD28904,2026-08-04,445103299491,EMP0011
ORD89301,2022-02-12,154787918977,EMP0035
ORD20583,2023-07-13,371779725746,EMP0027
ORD41916,2020-09-11,90042563052,EMP0035
ORD19926,2024-12-17,313544626037,EMP0036
ORD57277,2025-12-19,106828463082,EMP0027
ORD70384,2024-09-24,140235436133,EMP0008
ORD28591,2018-07-26,800678428108,EMP0036
ORD79279,2020-04-13,583844134809,EMP0027
ORD67991,2018-02-06,894964592764,EMP0024
ORD94432,2023-02-02,904400534988,EMP0036
ORD36935,2024-12-02,100379595958,EMP0024
ORD16568,2024-02-18,635777671951,EMP0009
ORD41365,2024-02-12,281028348345,EMP0027
ORD27775,2017-12-29,268104525924,EMP0036
ORD17896,2021-03-29,85340365784,EMP0030
ORD82701,2017-10-28,593813526091,EMP0002
ORD91105,2024-02-21,100966386844,EMP0036
ORD29066,2026-03-12,240219325300,EMP0035
ORD57400,2022-06-17,28514672008,EMP0030
ORD10105,2020-04-26,292370077634,EMP0036
ORD59860,2018-02-21,184972349276,EMP0024
ORD29934,2018-08-02,100966386844,EMP0002
ORD71027,2026-01-17,310911503944,EMP0002
ORD70773,2025-01-06,937793021783,EMP0008
ORD86873,2017-02-20,367442791901,EMP0024
ORD90913,2025-09-01,746515120487,EMP0008
ORD84564,2017-11-07,865662827739,EMP0009
ORD18042,2021-10-20,383295295480,EMP0030
ORD52498,2022-04-26,478493228159,EMP0027
ORD31450,2018-08-19,786416628243,EMP0024
ORD95422,2023-04-04,85340365784,EMP0024
ORD16820,2017-04-23,53808051844,EMP0009
ORD95342,2020-04-21,629212230242,EMP0030
ORD73021,2020-06-27,106689707156,EMP0024
ORD36478,2025-01-09,549144072161,EMP0008
ORD46002,2024-12-24,794876417626,EMP0035
ORD85105,2022-05-20,146815846589,EMP0027
ORD94410,2020-06-29,865662827739,EMP0027
ORD69328,2021-06-02,820174865880,EMP0009
ORD21412,2019-08-10,593838282591,EMP0027
ORD98587,2023-12-16,529985913965,EMP0009
ORD76665,2023-07-27,843689462156,EMP0002
ORD99063,2025-04-06,232607411589,EMP0036
ORD75002,2021-01-21,755254948943,EMP0009
ORD57634,2018-06-16,295581094702,EMP0002
ORD56483,2025-02-27,865662827739,EMP0002
ORD94340,2020-02-16,367970005064,EMP0024
ORD32416,2018-04-24,529985913965,EMP0009
ORD73484,2020-09-19,399308735289,EMP0027
ORD17765,2022-09-23,820174865880,EMP0030
ORD58552,2023-12-25,539780235819,EMP0036
ORD90699,2026-06-20,99611393116,EMP0008
ORD83922,2026-01-10,174785770193,EMP0027
ORD42849,2021-12-05,629238018986,EMP0030
ORD64444,2024-04-17,181089816253,EMP0009
ORD41781,2019-06-16,342181973989,EMP0009
ORD23856,2021-11-25,801528982316,EMP0035
ORD90559,2022-12-21,755254948943,EMP0027
ORD14718,2023-02-11,400707250732,EMP0030
ORD22852,2021-05-04,593813526091,EMP0009
ORD76493,2022-04-20,356163430186,EMP0024
ORD76014,2020-04-03,484903192967,EMP0024
ORD76103,2023-04-28,812642727893,EMP0036
ORD36551,2019-01-27,970106814819,EMP0002
ORD79106,2024-12-08,243793091515,EMP0027
ORD20303,2025-07-05,174785770193,EMP0008
ORD84790,2025-05-10,68390609813,EMP0002
ORD28520,2019-01-10,682827105211,EMP0030
ORD19083,2018-10-07,564512078787,EMP0030
ORD65135,2020-05-04,286909472978,EMP0036
ORD31851,2025-09-11,240219325300,EMP0024
ORD61485,2022-12-15,415372821190,EMP0035
ORD49441,2023-05-25,564512078787,EMP0027
ORD95784,2026-04-16,154468591052,EMP0027
ORD42447,2022-01-11,590348052106,EMP0035
ORD79005,2019-03-22,259665336546,EMP0002
ORD32657,2020-11-22,865602991641,EMP0036
ORD32238,2025-11-17,494679130766,EMP0024
ORD17546,2022-02-19,259665336546,EMP0030
ORD66999,2023-07-27,515544310748,EMP0036
ORD61036,2021-10-09,602413907969,EMP0035
ORD82213,2025-01-25,458441202978,EMP0002
ORD63970,2021-09-29,989563764163,EMP0024
ORD79401,2025-10-12,865662827739,EMP0030
ORD82304,2017-09-14,144213551511,EMP0036
ORD69607,2019-08-06,661096661171,EMP0036
ORD71190,2024-10-11,310686039415,EMP0009
ORD79094,2020-05-26,561072850211,EMP0030
ORD73934,2020-01-01,965446893369,EMP0036
ORD10049,2020-12-17,811443258717,EMP0030
ORD71834,2025-07-12,328731196187,EMP0036
ORD46136,2019-01-12,311743034775,EMP0009
ORD31151,2023-05-16,46679746837,EMP0030
ORD86438,2018-04-26,113078212232,EMP0030
ORD93929,2022-07-09,15397054943,EMP0027
ORD87441,2026-02-27,847222674221,EMP0036
ORD72795,2022-07-30,762420563812,EMP0024
ORD95855,2022-07-31,356163430186,EMP0024
ORD51703,2022-03-22,475289864606,EMP0009
ORD96732,2025-04-08,876413102882,EMP0030
ORD66600,2019-08-15,546033025011,EMP0036
ORD98525,2020-11-29,177138166878,EMP0002
ORD81018,2021-08-29,48988024788,EMP0002
ORD59022,2020-02-02,48665908085,EMP0002
ORD59330,2023-04-06,467167055404,EMP0009
ORD26319,2019-10-05,286909472978,EMP0027
ORD54679,2023-04-21,998370370319,EMP0036
ORD39358,2018-06-15,154468591052,EMP0036
ORD55906,2026-05-01,142898293983,EMP0011
ORD88788,2026-08-07,505813253351,EMP0035
ORD58757,2024-08-09,963075021684,EMP0036
ORD11338,2026-05-02,998370370319,EMP0024
ORD13116,2023-03-09,751461939823,EMP0030
ORD89534,2022-10-02,458441202978,EMP0030
ORD49499,2024-06-06,847222674221,EMP0024
ORD60850,2021-01-14,367970005064,EMP0035
ORD26149,2020-12-04,240219325300,EMP0009
ORD17755,2022-10-25,241564918006,EMP0035
ORD77034,2022-07-10,841315815090,EMP0036
ORD54696,2024-08-07,110745814868,EMP0024
ORD63846,2018-08-17,811443258717,EMP0030
ORD63719,2026-01-31,286909472978,EMP0008
ORD38774,2026-03-09,662055187144,EMP0027
ORD83397,2021-01-25,564512078787,EMP0036
ORD35780,2018-05-14,465024904817,EMP0009
ORD63249,2021-04-01,85340365784,EMP0030
ORD70450,2025-01-01,332605771100,EMP0009
ORD14916,2025-01-17,367442791901,EMP0024
ORD33766,2017-07-05,115057566047,EMP0009
ORD30777,2023-01-24,467586391988,EMP0009
ORD33724,2023-12-17,342298701759,EMP0030
ORD85064,2023-03-20,362024165865,EMP0036
ORD40881,2025-07-19,292370077634,EMP0027
ORD12018,2020-09-14,108924480315,EMP0036
ORD24400,2024-11-10,121147046164,EMP0002
ORD69008,2017-06-01,65408985498,EMP0036
ORD93933,2023-01-27,691017045856,EMP0036
ORD44946,2023-03-09,549144072161,EMP0009
ORD55559,2026-01-02,855610891215,EMP0009
ORD24636,2022-08-03,15397054943,EMP0030
ORD56659,2022-06-04,627393821522,EMP0036
ORD35984,2019-12-31,794876417626,EMP0009
ORD34646,2025-07-14,811443258717,EMP0002
ORD58655,2024-08-12,264787248433,EMP0009
ORD37188,2022-02-04,556084287436,EMP0002
ORD27093,2017-07-16,141868539856,EMP0009
ORD73658,2025-09-08,583844134809,EMP0024
ORD28543,2021-09-04,855610891215,EMP0009
ORD10518,2021-05-24,377390351480,EMP0035
ORD89384,2022-03-22,768492886702,EMP0027
ORD27727,2025-04-04,407312141891,EMP0027
ORD65626,2022-05-29,471082498153,EMP0009
ORD82630,2021-07-13,100379595958,EMP0030
ORD14520,2017-03-08,467842582157,EMP0002
ORD84195,2019-05-11,371779725746,EMP0002
ORD83833,2022-11-13,963075021684,EMP0035
ORD66510,2026-03-04,754695802064,EMP0024
ORD55594,2024-12-19,542102823029,EMP0024
ORD91467,2026-06-26,963400488960,EMP0009
ORD65924,2018-04-12,311743034775,EMP0024
ORD74675,2026-07-04,204818027410,EMP0008
ORD75964,2026-05-29,196532885715,EMP0008
ORD36992,2020-03-27,121147046164,EMP0035
ORD53063,2017-02-14,48665908085,EMP0009
ORD75581,2023-08-31,204415179767,EMP0009
ORD44742,2019-09-22,661096661171,EMP0027
ORD74609,2020-07-16,293959315206,EMP0030
ORD38535,2022-07-12,784663949484,EMP0027
ORD78151,2023-04-12,292370077634,EMP0035
ORD91519,2022-05-14,159926405698,EMP0002
ORD55025,2025-02-04,784774059431,EMP0009
ORD75277,2017-09-20,593813526091,EMP0002
ORD42197,2022-06-07,855610891215,EMP0002
ORD84167,2025-02-25,673730823720,EMP0035
ORD40681,2021-01-15,32852049515,EMP0009
ORD66054,2020-03-04,825486039156,EMP0036
ORD73077,2023-05-14,497361659279,EMP0027
ORD63023,2023-02-11,768459423230,EMP0024
ORD35290,2024-04-19,283624979334,EMP0035
ORD56956,2025-02-08,305833566485,EMP0002
ORD51605,2024-04-16,794876417626,EMP0009
ORD52517,2017-09-19,235897564129,EMP0030
ORD94875,2017-08-20,177138166878,EMP0002
ORD53283,2020-01-12,654668995403,EMP0002
ORD16030,2018-11-15,174785770193,EMP0002
ORD96419,2024-10-03,106689707156,EMP0024
ORD50220,2018-01-14,971402127239,EMP0030
ORD93584,2023-01-01,784663949484,EMP0009
ORD21348,2022-10-17,292370077634,EMP0036
ORD17599,2022-11-04,800678428108,EMP0024
ORD65090,2024-07-20,445103299491,EMP0008
ORD54572,2022-10-23,53808051844,EMP0024
ORD88051,2017-07-05,897623808167,EMP0002
ORD53058,2022-09-05,175590070462,EMP0027
ORD77585,2018-09-19,235897564129,EMP0009
ORD64147,2021-06-22,749871599296,EMP0036
ORD69122,2019-06-14,69626469890,EMP0024
ORD30361,2024-04-07,106828463082,EMP0036
ORD43342,2019-12-24,48314975003,EMP0002
ORD55829,2021-09-02,676950316839,EMP0035
ORD13214,2020-06-15,362172557723,EMP0036
ORD94557,2024-02-26,564512078787,EMP0024
ORD92412,2017-04-27,328731196187,EMP0036
ORD72053,2018-10-10,100400621152,EMP0036
ORD73625,2018-10-01,91755866571,EMP0030
ORD62434,2018-08-14,281028348345,EMP0009
ORD31731,2023-01-11,574176966528,EMP0002
ORD69826,2025-11-24,674537828289,EMP0027
ORD27216,2017-10-16,467586391988,EMP0024
ORD23347,2017-11-12,445103299491,EMP0024
ORD23554,2025-01-29,755254948943,EMP0035
ORD33531,2018-12-07,106828463082,EMP0002
ORD88030,2024-11-19,751461939823,EMP0002
ORD72191,2026-06-04,272240852670,EMP0035
ORD36766,2021-11-06,363048548271,EMP0009
ORD60218,2020-01-17,28514672008,EMP0009
ORD85767,2024-10-07,167738102512,EMP0008
ORD86363,2020-06-23,201736639751,EMP0024
ORD95368,2020-02-05,175590070462,EMP0009
ORD92169,2018-12-29,672833613676,EMP0036
ORD79663,2021-06-15,362172557723,EMP0035
ORD28539,2021-07-30,948791889374,EMP0002
ORD79288,2019-03-14,865602991641,EMP0030
ORD54061,2018-10-17,682827105211,EMP0009
ORD18086,2020-11-09,263236339870,EMP0036
ORD36211,2023-05-12,367431611517,EMP0036
ORD62863,2025-08-04,399308735289,EMP0027
ORD34531,2020-10-24,241455917276,EMP0036
ORD68805,2018-11-19,755254948943,EMP0024
ORD59763,2022-09-08,554579122919,EMP0008
ORD44310,2021-08-05,15397054943,EMP0002
ORD26354,2025-05-06,44932092345,EMP0035
ORD95829,2021-11-01,284700815733,EMP0009
ORD48948,2018-11-23,154787918977,EMP0024
ORD89696,2024-03-29,588108270500,EMP0036
ORD54169,2021-06-11,178124085312,EMP0027
ORD72868,2019-09-23,17107284773,EMP0024
ORD85436,2025-06-01,643306844991,EMP0036
ORD20519,2020-08-05,268104525924,EMP0002
ORD18393,2017-12-05,297912737108,EMP0024
ORD16557,2023-07-21,310911503944,EMP0036
ORD48224,2018-08-01,92530020580,EMP0009
ORD88344,2020-01-24,971402127239,EMP0036
ORD68903,2019-12-24,629212230242,EMP0036
ORD30070,2024-01-05,292370077634,EMP0002
ORD99300,2018-04-22,670039079567,EMP0030
ORD67732,2023-02-04,70229266728,EMP0008
ORD14302,2023-09-19,546316504327,EMP0035
ORD18487,2018-04-24,445103299491,EMP0024
ORD85497,2022-01-31,304960460343,EMP0030
ORD60440,2023-03-22,492419798922,EMP0036
ORD17618,2018-05-10,356674331525,EMP0009
ORD57448,2020-08-06,140235436133,EMP0027
ORD90540,2026-01-29,564512078787,EMP0030
ORD82603,2018-09-13,459907166013,EMP0009
ORD55345,2020-07-28,378341997844,EMP0030
ORD38892,2019-09-11,930715419232,EMP0036
ORD74195,2020-01-03,593813526091,EMP0002
ORD75541,2022-08-29,770266247325,EMP0027
ORD93507,2018-10-04,15397054943,EMP0002
ORD20573,2018-01-27,332605771100,EMP0002
ORD48631,2018-06-05,602413907969,EMP0009
ORD48429,2022-01-25,154787918977,EMP0036
ORD38718,2023-09-23,453610435273,EMP0024
ORD10929,2023-05-07,113078212232,EMP0036
ORD28298,2019-03-04,750725088173,EMP0024
ORD88161,2019-08-07,935958659210,EMP0009
ORD96151,2024-07-22,110745814868,EMP0035
ORD17604,2023-11-25,226590187877,EMP0035
ORD11682,2026-05-02,332605771100,EMP0027
ORD21515,2019-06-28,786416628243,EMP0002
ORD66293,2024-03-07,310190706270,EMP0002
ORD31183,2024-01-15,784620368993,EMP0036
ORD49180,2020-07-30,100966386844,EMP0024
ORD97246,2023-02-19,682827105211,EMP0035
ORD38771,2019-06-06,293959315206,EMP0002
ORD87671,2026-08-08,110745814868,EMP0035
ORD49172,2025-06-28,106828463082,EMP0009
ORD52174,2022-12-16,678866766155,EMP0035
ORD34917,2021-06-23,235897564129,EMP0030
ORD49516,2019-07-23,377390351480,EMP0036
ORD47257,2021-06-23,100379595958,EMP0024
ORD73697,2021-11-20,882145706422,EMP0009
ORD74085,2021-06-13,172758871551,EMP0030
ORD88368,2024-09-10,854485510228,EMP0002
ORD93369,2026-07-25,241455917276,EMP0008
ORD47014,2024-08-31,54184658110,EMP0036
ORD85945,2024-06-04,994389352314,EMP0009
ORD54523,2021-10-20,965446893369,EMP0009
ORD54125,2019-08-08,561072850211,EMP0030
ORD76882,2017-12-05,342181973989,EMP0024
ORD73636,2020-04-04,963075021684,EMP0035
ORD83559,2021-06-06,768492886702,EMP0030
ORD51908,2019-10-17,755898644412,EMP0002
ORD54939,2018-12-11,691017045856,EMP0024
ORD42000,2023-06-04,314154307677,EMP0008
ORD53728,2024-12-07,49477414641,EMP0035
ORD51800,2021-01-04,180742338050,EMP0027
ORD40464,2022-10-10,684292465497,EMP0008
ORD78507,2019-08-14,65408985498,EMP0036
ORD71777,2022-10-22,54184658110,EMP0009
ORD19050,2020-10-11,755254948943,EMP0035
ORD74909,2019-12-08,359104406393,EMP0036
ORD75081,2022-11-06,174785770193,EMP0036
ORD83659,2025-07-24,86842533292,EMP0009
ORD28791,2020-11-23,529286339256,EMP0035
ORD53676,2025-11-03,937603796445,EMP0036
ORD94420,2024-10-01,306967349500,EMP0027
ORD76071,2023-02-13,65408985498,EMP0036
ORD25507,2026-03-01,53808051844,EMP0036
ORD71548,2019-07-29,593838282591,EMP0009
ORD27459,2018-01-26,746515120487,EMP0009
ORD53160,2022-03-02,465024904817,EMP0009
ORD30724,2019-09-09,755254948943,EMP0009
ORD79994,2023-06-04,423660618036,EMP0036
ORD95834,2024-06-16,363048548271,EMP0024
ORD18375,2026-05-06,306574422850,EMP0035
ORD55695,2025-10-17,306574422850,EMP0030
ORD60929,2021-02-20,281028348345,EMP0030
ORD73188,2020-03-09,114298920773,EMP0024
ORD73537,2023-07-05,359104406393,EMP0027
ORD80076,2018-08-12,100379595958,EMP0036
ORD79169,2019-09-01,27670393532,EMP0030
ORD24091,2018-12-25,529985913965,EMP0009
ORD15570,2021-11-24,975680393468,EMP0009
ORD99264,2021-03-30,490649538773,EMP0035
ORD64177,2025-03-06,750725088173,EMP0024
ORD21838,2023-02-13,284700815733,EMP0027
ORD97593,2026-08-04,930715419232,EMP0030
ORD38887,2023-06-14,233888433191,EMP0009
ORD31607,2024-07-15,144213551511,EMP0009
ORD18993,2021-02-06,7786301982,EMP0002
ORD12271,2024-02-07,264787248433,EMP0008
ORD71323,2017-12-04,762420563812,EMP0002
ORD50911,2018-03-26,90136895966,EMP0030
ORD61888,2020-09-17,812642727893,EMP0002
ORD59687,2018-09-17,159926405698,EMP0024
ORD62567,2020-03-18,90042563052,EMP0035
ORD97396,2018-08-25,332605771100,EMP0024
ORD97971,2022-05-06,319297231833,EMP0027
ORD59237,2024-08-12,304960460343,EMP0027
ORD47876,2026-05-30,314154307677,EMP0008
ORD29454,2022-03-02,812642727893,EMP0035
ORD28389,2024-03-14,99611393116,EMP0027
ORD36571,2024-05-19,628437882651,EMP0008
ORD25750,2022-07-31,496336870267,EMP0036
ORD99771,2021-07-01,264787248433,EMP0035
ORD41154,2023-12-19,180742338050,EMP0002
ORD50141,2019-06-29,306574422850,EMP0036
ORD12319,2018-10-21,28084668880,EMP0002
ORD95836,2025-08-15,90136895966,EMP0027
ORD10464,2026-01-05,467842582157,EMP0036
ORD88029,2018-10-23,490649538773,EMP0002
ORD73136,2019-06-01,914848523980,EMP0009
ORD44863,2022-10-20,564512078787,EMP0009
ORD10874,2025-06-15,676950316839,EMP0009
ORD85613,2025-05-12,44932092345,EMP0035
ORD84584,2019-10-26,310686039415,EMP0024
ORD75551,2023-11-23,310911503944,EMP0008
ORD59975,2018-08-23,178124085312,EMP0009
ORD78373,2026-05-16,464745684263,EMP0036
ORD28469,2025-06-29,744928504106,EMP0008
ORD62181,2023-09-04,174785770193,EMP0008
ORD47099,2025-02-04,584536131779,EMP0002
ORD84663,2022-06-18,854485510228,EMP0024
ORD98674,2017-03-06,914848523980,EMP0002
ORD63540,2023-10-13,268104525924,EMP0036
ORD99455,2022-02-28,496336870267,EMP0009
ORD53814,2020-12-20,561072850211,EMP0035
ORD66948,2025-04-04,994389352314,EMP0009
ORD82290,2020-12-05,50826345074,EMP0009
ORD46487,2021-12-02,154468591052,EMP0035
ORD55564,2020-03-05,471082498153,EMP0036
ORD78505,2026-06-19,356163430186,EMP0036
ORD41117,2022-09-24,546033025011,EMP0027
ORD48433,2021-12-04,572304301150,EMP0009
ORD49519,2020-04-29,196532885715,EMP0036
ORD78752,2026-07-18,994389352314,EMP0030
ORD54575,2017-07-13,654668995403,EMP0002
ORD28390,2018-03-20,241455917276,EMP0009
ORD24992,2021-04-06,406075145672,EMP0027
ORD80967,2019-12-06,150118786987,EMP0009
ORD64496,2018-12-11,295581094702,EMP0030
ORD59846,2025-03-12,239398013241,EMP0030
ORD37812,2018-11-12,662115392698,EMP0009
ORD76342,2019-05-24,546033025011,EMP0036
ORD87684,2022-11-24,54184658110,EMP0035
ORD63244,2025-11-22,914848523980,EMP0002
ORD98175,2023-07-05,825486039156,EMP0035
ORD79789,2024-10-04,69626469890,EMP0030
ORD83982,2020-07-03,478493228159,EMP0027
ORD52669,2018-04-30,467842582157,EMP0024
ORD88304,2017-04-06,106689707156,EMP0009
ORD60630,2025-05-05,496336870267,EMP0030
ORD67532,2025-08-17,136717837985,EMP0035
ORD69131,2026-08-01,306967349500,EMP0011
ORD65568,2026-04-27,292370077634,EMP0027
ORD44877,2017-10-25,545984240886,EMP0024
ORD70662,2019-08-13,100966386844,EMP0027
ORD78087,2020-01-25,643306844991,EMP0036
ORD50824,2019-08-24,584536131779,EMP0002
ORD81938,2017-02-27,838190777678,EMP0024
ORD49673,2017-12-02,914848523980,EMP0002
ORD25466,2018-06-16,542102823029,EMP0030
ORD86620,2018-02-22,529286339256,EMP0002
ORD74322,2022-07-16,363048548271,EMP0024
ORD79841,2020-05-01,140235436133,EMP0024
ORD91874,2023-04-25,95968902156,EMP0009
ORD50417,2022-09-27,812642727893,EMP0035
ORD40285,2025-12-27,178124085312,EMP0009
ORD78582,2026-07-25,847222674221,EMP0027
ORD39615,2025-09-21,243793091515,EMP0027
ORD61058,2023-08-07,800678428108,EMP0036
ORD20404,2021-10-12,315327351876,EMP0036
ORD20115,2017-11-25,765645226936,EMP0030
ORD18409,2020-08-17,268104525924,EMP0002
ORD25363,2019-01-18,66759784695,EMP0024
ORD66681,2026-04-16,342298701759,EMP0027
ORD17583,2020-06-20,467586391988,EMP0024
ORD25164,2021-03-26,838190777678,EMP0009
ORD59849,2022-07-04,668703442396,EMP0002
ORD77917,2023-05-29,155172764366,EMP0008
ORD50282,2022-09-15,471082498153,EMP0027
ORD57489,2024-07-23,542102823029,EMP0008
ORD44997,2025-01-20,639152686688,EMP0035
ORD11037,2021-10-31,264787248433,EMP0024
ORD67828,2020-04-17,225235000304,EMP0030
ORD48171,2019-12-16,490649538773,EMP0002
ORD40525,2024-09-10,224552599772,EMP0024
ORD24273,2020-02-05,520741049297,EMP0030
ORD54548,2021-01-01,930715419232,EMP0030
ORD78619,2021-09-20,368110424070,EMP0024
ORD37845,2020-02-29,179283408763,EMP0027
ORD61518,2023-06-24,243793091515,EMP0036
ORD91002,2017-02-26,935958659210,EMP0036
ORD69780,2024-09-12,847222674221,EMP0035
ORD81521,2023-06-21,545984240886,EMP0036
ORD86325,2023-02-17,768969035446,EMP0002
ORD86504,2023-11-22,487063067786,EMP0030
ORD40919,2017-05-02,19196356226,EMP0036
ORD33337,2021-10-19,494679130766,EMP0036
ORD43074,2020-10-18,101720735178,EMP0035
ORD80849,2022-07-07,226590187877,EMP0002
ORD53132,2022-02-03,812865478588,EMP0036
ORD48712,2018-12-02,91755866571,EMP0030
ORD79455,2019-11-29,284700815733,EMP0002
ORD20328,2021-08-10,111637324117,EMP0035
ORD25847,2019-02-19,389075974508,EMP0009
ORD26693,2023-10-31,142898293983,EMP0009
ORD90382,2025-04-12,605702562363,EMP0036
ORD83375,2022-07-15,838190777678,EMP0036
ORD40970,2025-05-20,855812455518,EMP0002
ORD49006,2018-03-30,561072850211,EMP0002
ORD20365,2019-08-27,546033025011,EMP0009
ORD87075,2017-09-25,679168023328,EMP0024
ORD39729,2023-04-19,615871137121,EMP0035
ORD55509,2020-04-14,7786301982,EMP0030
ORD42530,2017-02-16,750725088173,EMP0009
ORD34539,2023-11-11,677559424424,EMP0009
ORD47788,2022-09-23,70229266728,EMP0024
ORD89530,2019-06-17,485991156755,EMP0009
ORD74995,2025-02-21,233888433191,EMP0027
ORD45451,2024-03-16,281028348345,EMP0030
ORD55627,2023-07-17,676950316839,EMP0036
ORD30303,2023-06-27,3584011589,EMP0035
ORD43568,2018-04-18,768969035446,EMP0036
ORD27756,2017-03-06,65408985498,EMP0009
ORD59750,2022-08-07,639152686688,EMP0030
ORD32081,2019-04-17,584536131779,EMP0009
ORD85432,2019-05-20,919733842438,EMP0036
ORD19286,2026-03-01,121147046164,EMP0027
ORD40214,2019-04-11,95968902156,EMP0036
ORD71346,2021-02-27,467842582157,EMP0024
ORD75534,2022-10-09,367431611517,EMP0030
ORD44445,2022-06-26,539780235819,EMP0030
ORD51886,2017-07-02,971402127239,EMP0024
ORD45124,2021-11-07,297912737108,EMP0030
ORD53031,2022-07-11,367431611517,EMP0009
ORD84344,2017-02-12,415372821190,EMP0036
ORD45761,2017-10-16,284700815733,EMP0030
ORD69012,2025-01-02,930164721067,EMP0035
ORD98249,2017-08-24,295581094702,EMP0030
ORD25684,2022-05-31,876413102882,EMP0009
ORD47648,2023-11-28,994389352314,EMP0030
ORD99471,2020-11-14,605702562363,EMP0024
ORD32808,2023-06-20,542102823029,EMP0030
ORD34098,2019-04-02,111637324117,EMP0024
ORD77229,2026-07-26,919733842438,EMP0011
ORD88398,2023-06-15,259665336546,EMP0036
ORD12651,2023-04-21,363048548271,EMP0002
ORD42740,2021-03-03,328731196187,EMP0036
ORD93561,2022-05-06,784663949484,EMP0002
ORD19977,2023-07-25,785932624340,EMP0009
ORD57208,2018-01-06,487063067786,EMP0009
ORD72174,2022-07-02,876413102882,EMP0027
ORD33643,2020-10-13,310190706270,EMP0030
ORD63948,2023-11-07,355128146546,EMP0030
ORD36639,2019-11-24,678866766155,EMP0002
ORD65675,2018-03-22,306935616408,EMP0002
ORD79371,2023-05-14,679168023328,EMP0036
ORD29853,2019-03-31,768459423230,EMP0030
ORD62844,2023-03-27,793675662209,EMP0024
ORD62370,2021-06-07,50826345074,EMP0002
ORD93534,2022-07-05,17107284773,EMP0027
ORD98602,2022-01-19,603139109002,EMP0024
ORD43603,2021-10-09,406075145672,EMP0002
ORD33895,2018-11-21,478493228159,EMP0030
ORD99159,2023-09-14,306967349500,EMP0002
ORD19723,2022-10-05,489259584416,EMP0030
ORD86516,2021-05-15,54184658110,EMP0027
ORD61107,2024-09-09,635777671951,EMP0027
ORD53448,2019-11-30,347100112479,EMP0002
ORD21886,2024-03-10,192379159018,EMP0002
ORD72613,2019-12-20,291100307047,EMP0009
ORD53409,2017-03-10,110745814868,EMP0002
ORD56242,2025-02-01,635777671951,EMP0002
ORD68111,2023-10-31,43033723243,EMP0035
ORD90592,2019-09-24,484903192967,EMP0024
ORD90506,2026-06-30,110745814868,EMP0002
ORD23374,2017-10-17,639464282012,EMP0030
ORD34165,2022-06-03,937603796445,EMP0002
ORD98306,2021-10-09,785932624340,EMP0036
ORD75830,2020-01-25,613305910991,EMP0024
ORD91591,2021-12-07,820174865880,EMP0002
ORD28132,2021-11-14,73472015486,EMP0030
ORD16942,2020-06-01,108924480315,EMP0036
ORD58289,2018-11-03,629238018986,EMP0009
ORD80966,2021-02-11,768969035446,EMP0027
ORD66951,2025-07-26,295581094702,EMP0008
ORD46438,2018-09-12,85340365784,EMP0036
ORD90541,2023-08-29,676950316839,EMP0024
ORD96868,2026-07-16,70229266728,EMP0036
ORD82451,2019-09-13,971613640043,EMP0036
ORD86149,2019-03-02,189159244325,EMP0009
ORD32392,2025-02-03,32852049515,EMP0024
ORD62588,2017-06-13,91020824203,EMP0036
ORD76946,2020-11-26,529286339256,EMP0027
ORD68113,2017-06-16,838190777678,EMP0002
ORD86909,2021-05-05,168079916259,EMP0030
ORD32007,2025-09-30,240219325300,EMP0036
ORD43194,2018-09-14,86842533292,EMP0009
ORD87547,2019-11-11,635777671951,EMP0009
ORD11510,2019-06-10,356163430186,EMP0002
ORD80565,2021-08-28,332605771100,EMP0024
ORD70537,2026-04-16,994389352314,EMP0009
ORD67867,2023-09-14,661096661171,EMP0009
ORD67959,2020-02-17,378341997844,EMP0036
ORD90517,2023-03-17,111637324117,EMP0009
ORD77236,2017-03-17,445103299491,EMP0024
ORD42080,2019-08-27,78114384791,EMP0024
ORD89331,2022-12-08,603139109002,EMP0035
ORD57460,2023-11-12,729418870351,EMP0030
ORD87226,2019-02-13,894964592764,EMP0030
ORD42630,2025-05-12,53808051844,EMP0008
ORD80638,2018-04-02,519385673337,EMP0002
ORD47429,2018-11-24,728178961624,EMP0024
ORD30720,2021-02-13,894964592764,EMP0009
ORD24460,2021-08-05,494679130766,EMP0030
ORD71288,2023-10-07,91020824203,EMP0008
ORD78659,2026-02-23,293959315206,EMP0035
ORD52169,2022-10-26,554579122919,EMP0030
ORD23163,2026-06-14,423660618036,EMP0009
ORD20751,2025-09-03,68390609813,EMP0009
ORD70214,2020-08-05,855812455518,EMP0030
ORD80255,2024-09-08,281028348345,EMP0027
ORD34902,2017-06-16,201736639751,EMP0024
ORD46084,2018-01-17,196532885715,EMP0002
ORD95940,2017-04-12,342181973989,EMP0030
ORD31402,2018-11-12,15397054943,EMP0024
ORD68646,2021-10-16,90042563052,EMP0009
ORD63069,2026-07-03,306574422850,EMP0027
ORD66090,2021-09-02,520741049297,EMP0027
ORD96335,2024-03-17,86842533292,EMP0002
ORD16738,2018-12-02,114298920773,EMP0009
ORD43161,2025-06-07,876413102882,EMP0027
ORD59188,2020-02-12,554579122919,EMP0009
ORD41725,2023-01-13,436142717167,EMP0009
ORD50424,2023-03-01,146815846589,EMP0008
ORD18713,2023-07-05,751461939823,EMP0027
ORD63569,2023-01-18,588108270500,EMP0030
ORD49575,2018-09-22,634168706095,EMP0024
ORD65683,2021-11-29,914848523980,EMP0030
ORD86953,2024-05-08,937793021783,EMP0027
ORD55999,2023-03-31,95968902156,EMP0027
ORD99829,2025-05-10,254042989684,EMP0030
ORD26376,2019-01-05,682827105211,EMP0036
ORD49747,2020-02-22,310190706270,EMP0030
ORD68770,2024-10-05,897623808167,EMP0035
ORD99871,2018-10-04,226590187877,EMP0030
ORD29689,2017-05-26,893073206097,EMP0002
ORD93177,2020-06-23,825486039156,EMP0030
ORD31311,2024-01-02,110745814868,EMP0036
ORD85632,2024-02-08,189159244325,EMP0024
ORD85445,2024-12-29,175590070462,EMP0009
ORD78325,2025-01-03,542102823029,EMP0008
ORD62264,2025-11-29,554579122919,EMP0035
ORD30178,2017-08-30,877762208143,EMP0036
ORD62685,2025-11-04,458441202978,EMP0024
ORD82795,2018-05-26,672833613676,EMP0024
ORD91394,2020-05-31,971402127239,EMP0002
ORD72752,2022-07-07,647181699447,EMP0002
ORD67672,2024-05-19,673730823720,EMP0008
ORD63062,2018-03-19,181089816253,EMP0009
ORD17716,2024-11-21,784663949484,EMP0002
ORD97216,2017-08-28,998370370319,EMP0036
ORD55205,2021-03-21,584536131779,EMP0024
ORD58481,2020-09-08,92530020580,EMP0027
ORD87289,2019-10-26,124446040845,EMP0002
ORD73968,2024-09-16,315327351876,EMP0036
ORD33568,2018-07-22,49477414641,EMP0009
ORD72234,2025-05-22,937603796445,EMP0002
ORD79569,2024-11-14,328731196187,EMP0002
ORD80013,2019-10-01,506780106338,EMP0009
ORD69623,2024-10-30,529985913965,EMP0030
ORD64932,2019-02-15,629238018986,EMP0036
ORD65070,2025-09-22,784774059431,EMP0002
ORD71610,2018-05-01,975680393468,EMP0030
ORD60799,2019-06-10,293959315206,EMP0002
ORD16103,2024-04-22,59553509834,EMP0024
ORD51025,2023-08-28,85340365784,EMP0027
ORD47504,2024-05-07,679168023328,EMP0036
ORD77531,2018-09-17,935958659210,EMP0009
ORD98094,2018-06-22,268104525924,EMP0002
ORD49795,2019-04-24,691017045856,EMP0024
ORD39420,2018-02-22,595575388584,EMP0024
ORD35025,2021-07-07,478493228159,EMP0024
ORD24012,2018-09-02,178124085312,EMP0030
ORD12474,2022-10-17,521019671572,EMP0035
ORD22816,2025-08-07,879287674635,EMP0027
ORD73459,2025-01-20,136717837985,EMP0002
ORD47674,2018-03-31,865602991641,EMP0009
ORD90660,2020-05-03,85340365784,EMP0030
ORD89746,2019-08-11,459907166013,EMP0024
ORD79120,2017-04-20,154787918977,EMP0009
ORD67084,2019-06-03,167738102512,EMP0036
ORD44354,2022-07-02,113078212232,EMP0008
ORD99580,2026-02-06,400707250732,EMP0035
ORD46153,2024-12-19,593813526091,EMP0030
ORD20905,2020-12-14,545984240886,EMP0009
ORD96096,2020-06-22,400707250732,EMP0009
ORD90482,2018-05-10,380511492428,EMP0024
ORD66328,2023-11-16,141872162844,EMP0009
ORD30007,2024-07-18,50826345074,EMP0030
ORD63123,2020-06-27,91020824203,EMP0009
ORD86302,2022-09-05,201736639751,EMP0008
ORD47402,2017-04-01,678866766155,EMP0030
ORD66087,2024-05-14,719143000131,EMP0024
ORD16966,2017-10-02,91020824203,EMP0036
ORD53457,2026-05-12,966199416754,EMP0008
ORD43035,2022-08-24,201736639751,EMP0009
ORD33871,2020-05-04,520741049297,EMP0024
ORD51565,2026-07-03,371779725746,EMP0036
ORD86050,2018-06-10,19196356226,EMP0002
ORD59196,2022-01-11,184972349276,EMP0030
ORD29540,2023-10-04,32852049515,EMP0002
ORD46270,2025-02-14,605702562363,EMP0027
ORD91594,2018-03-18,106689707156,EMP0036
ORD51246,2020-08-12,937603796445,EMP0036
ORD53238,2018-09-17,177138166878,EMP0036
ORD36269,2022-06-15,85340365784,EMP0002
ORD22724,2026-03-05,178124085312,EMP0024
ORD54662,2022-03-04,794876417626,EMP0009
ORD37200,2024-05-09,313544626037,EMP0008
ORD89368,2026-01-18,820174865880,EMP0002
ORD73903,2023-12-23,100966386844,EMP0002
ORD17460,2018-01-09,436142717167,EMP0024
ORD56286,2020-09-25,838190777678,EMP0036
ORD49812,2018-09-09,505813253351,EMP0036
ORD75549,2025-12-12,159926405698,EMP0009
ORD29833,2026-06-18,43033723243,EMP0024
ORD43891,2020-04-15,232607411589,EMP0035
ORD45637,2023-02-23,529286339256,EMP0030
ORD31017,2026-02-22,3584011589,EMP0008
ORD41098,2022-06-12,181089816253,EMP0035
ORD98392,2017-03-28,847222674221,EMP0024
ORD81307,2022-06-12,629238018986,EMP0024
ORD30746,2023-10-21,355128146546,EMP0024
ORD23891,2025-05-28,820174865880,EMP0036
ORD57562,2022-02-02,800788044612,EMP0035
ORD50443,2023-03-19,73472015486,EMP0036
ORD20678,2017-08-15,224552599772,EMP0002
ORD38388,2023-07-08,140235436133,EMP0030
ORD73916,2023-06-09,331756912151,EMP0027
ORD70892,2018-12-02,556084287436,EMP0002
ORD31145,2022-03-21,634168706095,EMP0008
ORD36899,2025-09-24,407292501370,EMP0002
ORD79361,2025-04-26,319297231833,EMP0002
ORD85673,2020-12-02,332605771100,EMP0024
ORD46086,2018-02-09,812865478588,EMP0002
ORD91967,2020-11-14,843689462156,EMP0035
ORD52189,2019-03-14,590348052106,EMP0009
ORD87078,2021-11-09,14672226083,EMP0036
ORD35912,2017-10-14,100966386844,EMP0036
ORD76066,2021-01-08,564512078787,EMP0036
ORD47508,2023-03-30,588108270500,EMP0024
ORD87088,2022-10-26,601330503464,EMP0036
ORD83452,2022-11-11,263236339870,EMP0002
ORD99009,2021-03-27,347100112479,EMP0030
ORD85239,2021-10-16,505813253351,EMP0024
ORD63027,2023-04-17,865662827739,EMP0008
ORD58690,2020-12-06,825486039156,EMP0035
ORD41064,2024-08-18,175590070462,EMP0035
ORD48593,2017-06-14,46679746837,EMP0024
ORD37068,2018-08-01,342181973989,EMP0036
ORD68058,2026-07-02,595575388584,EMP0036
ORD53072,2018-12-16,234142343207,EMP0030
ORD23751,2021-01-16,812642727893,EMP0009
ORD35833,2018-12-25,459907166013,EMP0030
ORD12674,2025-11-07,53808051844,EMP0030
ORD91080,2017-12-21,948791889374,EMP0002
ORD82873,2023-01-29,841435162725,EMP0030
ORD28897,2018-11-21,520741049297,EMP0002
ORD33216,2023-03-13,291100307047,EMP0035
ORD52657,2025-01-28,178124085312,EMP0036
ORD85589,2020-08-09,121147046164,EMP0002
ORD26054,2020-08-12,144213551511,EMP0024
ORD98487,2024-01-22,150118786987,EMP0024
ORD55960,2023-08-26,292370077634,EMP0030
ORD59143,2026-01-14,27670393532,EMP0008
ORD79076,2018-10-08,994389352314,EMP0002
ORD61083,2017-02-12,801528982316,EMP0002
ORD16117,2024-07-14,765536287875,EMP0030
ORD73405,2018-01-10,283624979334,EMP0009
ORD44982,2019-10-12,297912737108,EMP0036
ORD31004,2021-05-12,77173542465,EMP0027
ORD47179,2017-04-10,328731196187,EMP0024
ORD46386,2020-01-21,459907166013,EMP0009
ORD64850,2025-12-24,974695785559,EMP0027
ORD97406,2020-01-05,407312141891,EMP0002
ORD72939,2019-05-28,768459423230,EMP0030
ORD38457,2024-12-11,662115392698,EMP0008
ORD16839,2017-03-02,505813253351,EMP0024
ORD31194,2022-05-20,605702562363,EMP0036
ORD52744,2026-08-11,974695785559,EMP0011
ORD73576,2020-05-01,224552599772,EMP0009
ORD97197,2023-06-09,529286339256,EMP0008
ORD98589,2020-01-02,838190777678,EMP0002
ORD36236,2019-02-07,584536131779,EMP0002
ORD14444,2025-04-27,368110424070,EMP0002
ORD38526,2021-10-15,100400621152,EMP0027
ORD84528,2025-01-31,342298701759,EMP0009
ORD46175,2020-07-03,342778710662,EMP0036
ORD72380,2024-04-06,879287674635,EMP0027
ORD61096,2018-03-31,629238018986,EMP0002
ORD86069,2020-01-04,750725088173,EMP0009
ORD23110,2020-12-19,423660618036,EMP0027
ORD86407,2018-02-01,654668995403,EMP0002
ORD18168,2022-10-29,342581811949,EMP0030
ORD51824,2023-01-02,310190706270,EMP0024
ORD56593,2021-09-10,876413102882,EMP0030
ORD71474,2024-07-25,306574422850,EMP0008
ORD55036,2022-03-23,243793091515,EMP0002
ORD66422,2023-09-27,101720735178,EMP0009
ORD42318,2025-07-29,838190777678,EMP0036
ORD67667,2024-10-01,762420563812,EMP0027
ORD48403,2019-05-07,353950730808,EMP0002
ORD39212,2018-08-05,794876417626,EMP0024
ORD68193,2024-11-25,445103299491,EMP0002
ORD67125,2018-12-23,679168023328,EMP0009
ORD34016,2026-07-16,66759784695,EMP0024
ORD17790,2023-12-02,407312141891,EMP0036
ORD44660,2017-03-21,177138166878,EMP0009
ORD46134,2024-03-03,559102980964,EMP0035
ORD60365,2018-10-26,628824705347,EMP0009
ORD68143,2018-09-04,588108270500,EMP0024
ORD68081,2021-03-17,43033723243,EMP0027
ORD95827,2018-12-16,496336870267,EMP0036
ORD99537,2018-08-30,893073206097,EMP0009
ORD62348,2023-02-17,971402127239,EMP0030
ORD96837,2020-07-29,684292465497,EMP0035
ORD75122,2017-05-01,68390609813,EMP0024
ORD88425,2023-03-12,744928504106,EMP0036
ORD68085,2018-12-02,146815846589,EMP0024
ORD69428,2019-09-17,226590187877,EMP0036
ORD72082,2022-10-06,755254948943,EMP0035
ORD56411,2026-03-31,639464282012,EMP0008
ORD33701,2021-07-05,784774059431,EMP0009
ORD95497,2024-01-31,108924480315,EMP0009
ORD26287,2026-07-30,121147046164,EMP0036
ORD57106,2021-01-09,400707250732,EMP0002
ORD80660,2022-02-10,800788044612,EMP0027
ORD58788,2022-12-01,602413907969,EMP0027
ORD53928,2026-02-25,755254948943,EMP0035
ORD58752,2025-04-17,854485510228,EMP0009
ORD55242,2020-12-16,684292465497,EMP0027
ORD48664,2020-04-21,485991156755,EMP0009
ORD45273,2021-01-10,90042563052,EMP0030
ORD25369,2022-09-19,360499557366,EMP0035
ORD20489,2022-01-27,32852049515,EMP0036
ORD18200,2026-08-11,367970005064,EMP0008
ORD73396,2021-07-01,142898293983,EMP0009
ORD60450,2018-04-08,768969035446,EMP0002
ORD28648,2024-10-03,100966386844,EMP0024
ORD30060,2020-07-03,801528982316,EMP0035
ORD20799,2019-03-04,572304301150,EMP0024
ORD71647,2022-10-13,994389352314,EMP0002
ORD76473,2026-06-24,108924480315,EMP0035
ORD28352,2018-06-01,362172557723,EMP0030
ORD37230,2022-05-26,728178961624,EMP0009
ORD31234,2018-02-03,746515120487,EMP0030
ORD38337,2019-09-26,314154307677,EMP0002
ORD95912,2022-12-27,676950316839,EMP0036
ORD23790,2020-07-10,78114384791,EMP0035
ORD69793,2020-05-30,554579122919,EMP0002
ORD40120,2024-11-12,989563764163,EMP0009
ORD32721,2026-05-04,703248568211,EMP0002
ORD69768,2025-12-31,785932624340,EMP0008
ORD45050,2018-06-03,897623808167,EMP0002
ORD20477,2019-08-10,159926405698,EMP0030
ORD28234,2019-04-30,48665908085,EMP0036
ORD85434,2020-09-30,342778710662,EMP0027
ORD91975,2019-01-03,177138166878,EMP0030
ORD22767,2021-04-17,949490549348,EMP0009
ORD33849,2024-01-17,489259584416,EMP0027
ORD70894,2018-03-28,204818027410,EMP0030
ORD19285,2022-12-17,629212230242,EMP0035
ORD19112,2023-10-22,654668995403,EMP0008
ORD43205,2022-12-14,177138166878,EMP0036
ORD13497,2019-11-12,854485510228,EMP0027
ORD51809,2023-08-10,272240852670,EMP0030
ORD18681,2024-08-30,189159244325,EMP0008
ORD97688,2022-09-03,292370077634,EMP0008
ORD70792,2025-03-05,177138166878,EMP0008
ORD21381,2017-11-07,263236339870,EMP0036
ORD86897,2020-12-18,342581811949,EMP0002
ORD63408,2023-12-02,634168706095,EMP0036
ORD73539,2025-02-02,467167055404,EMP0035
ORD52323,2020-05-27,68390609813,EMP0030
ORD53910,2019-02-17,973406257397,EMP0024
ORD88973,2022-07-19,919733842438,EMP0008
ORD75105,2020-02-28,605702562363,EMP0036
ORD63036,2017-12-29,342581811949,EMP0002
ORD69919,2021-04-23,86842533292,EMP0009
ORD45059,2021-08-22,174785770193,EMP0035
ORD11502,2021-12-03,490649538773,EMP0027
ORD48951,2021-06-05,295581094702,EMP0035
ORD13601,2024-03-01,973406257397,EMP0035
ORD99108,2023-12-10,662055187144,EMP0024
ORD63629,2022-12-27,124446040845,EMP0024
ORD58992,2025-06-21,542563286881,EMP0036
ORD86695,2024-10-05,835036138256,EMP0002
ORD74851,2017-12-10,974695785559,EMP0009
ORD32626,2022-04-19,85340365784,EMP0008
ORD27173,2018-01-01,292370077634,EMP0024
ORD61343,2026-02-04,342778710662,EMP0009
ORD17485,2019-04-06,293959315206,EMP0002
ORD85788,2022-07-15,564512078787,EMP0036
ORD61859,2020-03-13,670039079567,EMP0035
ORD94850,2017-07-13,180742338050,EMP0002
ORD92150,2018-07-01,140235436133,EMP0024
ORD29457,2021-02-05,368110424070,EMP0027
ORD26910,2020-02-18,136717837985,EMP0030
ORD27132,2025-04-26,629238018986,EMP0027
ORD45566,2018-11-30,994389352314,EMP0024
ORD35055,2022-01-27,746515120487,EMP0009
ORD52177,2020-03-09,380511492428,EMP0009
ORD38299,2023-04-13,48314975003,EMP0008
ORD76498,2021-01-01,111637324117,EMP0009
ORD32348,2019-09-09,17107284773,EMP0002
ORD82799,2026-07-15,295581094702,EMP0035
ORD64717,2023-08-14,994389352314,EMP0002
ORD11515,2020-01-13,770266247325,EMP0036
ORD81551,2017-11-14,268104525924,EMP0009
ORD91536,2017-08-21,141872162844,EMP0030
ORD74357,2022-11-05,478493228159,EMP0027
ORD91802,2024-04-08,281242375815,EMP0002
ORD50985,2019-03-11,843689462156,EMP0002
ORD75017,2023-11-04,879287674635,EMP0002
ORD43804,2025-11-02,90042563052,EMP0009
ORD36696,2018-05-28,305833566485,EMP0002
ORD37207,2017-09-09,978138194750,EMP0024
ORD43507,2018-02-05,729418870351,EMP0009
ORD31800,2025-07-03,69626469890,EMP0027
ORD41557,2020-10-29,505813253351,EMP0036
ORD34365,2017-12-06,520741049297,EMP0030
ORD45447,2022-06-29,520741049297,EMP0024
ORD61423,2026-06-09,383295295480,EMP0030
ORD11010,2019-09-21,835036138256,EMP0027
ORD99498,2018-10-09,459907166013,EMP0002
ORD64139,2020-01-21,994389352314,EMP0036
ORD26068,2023-02-01,635777671951,EMP0027
ORD71839,2019-06-24,224552599772,EMP0036
ORD32997,2025-04-14,90136895966,EMP0036
ORD19701,2020-09-14,855610891215,EMP0036
ORD23510,2019-11-01,342298701759,EMP0024
ORD21216,2026-04-05,784620368993,EMP0036
ORD79898,2021-10-20,177138166878,EMP0024
ORD29462,2019-09-14,124446040845,EMP0024
ORD81487,2024-02-01,893073206097,EMP0024
ORD76319,2017-12-14,356163430186,EMP0036
ORD24534,2017-12-22,975680393468,EMP0030
ORD27466,2017-09-14,465024904817,EMP0024
ORD80886,2020-03-04,59553509834,EMP0002
ORD54323,2025-08-11,784663949484,EMP0030
ORD51085,2021-07-14,595575388584,EMP0036
ORD59533,2024-09-22,189159244325,EMP0024
ORD21231,2024-03-03,515532308005,EMP0002
ORD69528,2018-06-23,268104525924,EMP0002
ORD44673,2017-05-04,177138166878,EMP0030
ORD38709,2024-05-14,100379595958,EMP0030
ORD88597,2021-04-11,784774059431,EMP0036
ORD53943,2024-04-20,371779725746,EMP0030
ORD64766,2026-03-09,755898644412,EMP0009
ORD15705,2024-07-08,467842582157,EMP0009
ORD65265,2026-04-12,661096661171,EMP0035
ORD28130,2022-10-08,574176966528,EMP0002
ORD15364,2018-07-06,63690491991,EMP0036
ORD28080,2026-01-01,994389352314,EMP0002
ORD93943,2020-11-11,746515120487,EMP0030
ORD79016,2017-06-15,367442791901,EMP0036
ORD38901,2018-10-01,963400488960,EMP0030
ORD86952,2023-02-21,85340365784,EMP0009
ORD79704,2017-10-21,755254948943,EMP0024
ORD41429,2018-09-11,635777671951,EMP0009
ORD56816,2026-05-14,371779725746,EMP0002
ORD86697,2024-01-13,780296107308,EMP0009
ORD68963,2020-02-14,770266247325,EMP0027
ORD16023,2021-01-01,485991156755,EMP0030
ORD90089,2018-02-04,750725088173,EMP0009
ORD36210,2024-05-09,865662827739,EMP0009
ORD26683,2020-10-29,7786301982,EMP0036
ORD90259,2018-01-20,140235436133,EMP0036
ORD70141,2026-06-10,492419798922,EMP0030
ORD68971,2021-07-21,360714549587,EMP0024
ORD64585,2019-05-25,841435162725,EMP0024
ORD46912,2021-11-19,749871599296,EMP0030
ORD16758,2025-12-21,490649538773,EMP0036
ORD19964,2025-09-12,894964592764,EMP0024
ORD29598,2017-02-27,937603796445,EMP0002
ORD30980,2022-03-16,362172557723,EMP0009
ORD14963,2020-09-21,590348052106,EMP0030
ORD22234,2021-09-30,746515120487,EMP0009
ORD93975,2018-06-04,930715419232,EMP0009
ORD43311,2022-02-25,539780235819,EMP0024
ORD21906,2022-12-12,178124085312,EMP0009
ORD14925,2023-05-08,140235436133,EMP0030
ORD84891,2020-07-04,92530020580,EMP0035
ORD49082,2019-03-31,978138194750,EMP0009
ORD59578,2018-10-09,342298701759,EMP0036
ORD10553,2017-11-20,90136895966,EMP0030
ORD41805,2017-07-30,243793091515,EMP0024
ORD71499,2021-09-28,423660618036,EMP0024
ORD60321,2019-10-27,234142343207,EMP0036
ORD89250,2021-05-12,459907166013,EMP0036
ORD45355,2021-02-21,974695785559,EMP0036
ORD65997,2025-03-18,331756912151,EMP0027
ORD41749,2019-03-27,841315815090,EMP0030
ORD48468,2019-06-13,768969035446,EMP0024
ORD24903,2019-05-28,144213551511,EMP0009
ORD87420,2022-06-21,564512078787,EMP0027
ORD40728,2025-07-17,106828463082,EMP0002
ORD23882,2021-10-10,719143000131,EMP0030
ORD16094,2018-12-01,204415179767,EMP0009
ORD25263,2019-07-09,556084287436,EMP0002
ORD12074,2020-03-25,467167055404,EMP0009
ORD35577,2023-05-11,755254948943,EMP0036
ORD91209,2020-03-09,876413102882,EMP0027
ORD41406,2018-03-25,359104406393,EMP0002
ORD37954,2018-03-22,786416628243,EMP0030
ORD98424,2022-02-28,728178961624,EMP0030
ORD55614,2023-08-21,69626469890,EMP0035
ORD24166,2021-09-22,196532885715,EMP0027
ORD97360,2018-07-01,401152985121,EMP0024
ORD61478,2021-10-18,542563286881,EMP0035
ORD15052,2025-06-29,328731196187,EMP0002
ORD78405,2022-10-30,181089816253,EMP0024
ORD27994,2019-04-28,360714549587,EMP0036
ORD51535,2020-10-20,691017045856,EMP0002
ORD82013,2025-07-30,564512078787,EMP0036
ORD77094,2017-06-13,966199416754,EMP0030
ORD52359,2024-01-19,342181973989,EMP0002
ORD72429,2019-05-18,297912737108,EMP0002
ORD27004,2017-08-09,284700815733,EMP0030
ORD54895,2017-09-02,371057931290,EMP0030
ORD84501,2018-10-07,893073206097,EMP0036
ORD53765,2021-02-25,174785770193,EMP0027
ORD78839,2021-08-17,180742338050,EMP0036
ORD26143,2017-10-11,949490549348,EMP0002
ORD94920,2021-05-12,583844134809,EMP0024
ORD23196,2019-01-16,241564918006,EMP0009
ORD12493,2021-01-07,762420563812,EMP0027
ORD68851,2023-06-05,780296107308,EMP0002
ORD90943,2018-03-22,893073206097,EMP0030
ORD77525,2023-10-29,328731196187,EMP0027
ORD83101,2021-05-20,893073206097,EMP0027
ORD72906,2025-02-10,356163430186,EMP0009
ORD24820,2023-10-25,841435162725,EMP0024
ORD69289,2019-05-04,100966386844,EMP0002
ORD20408,2018-07-28,865602991641,EMP0002
ORD21269,2018-07-16,674537828289,EMP0009
ORD29956,2018-06-06,884892785703,EMP0002
ORD67809,2017-06-25,377390351480,EMP0024
ORD74403,2020-09-29,914848523980,EMP0030
ORD78356,2019-02-16,539375279033,EMP0030
ORD80842,2021-11-18,562264642657,EMP0024
ORD45157,2022-11-29,235897564129,EMP0030
ORD88015,2025-10-11,423660618036,EMP0035
ORD53952,2021-06-07,380511492428,EMP0027
ORD62084,2021-04-07,467167055404,EMP0035
ORD52129,2019-07-25,520741049297,EMP0009
ORD54326,2020-02-06,27670393532,EMP0027
ORD79449,2020-03-17,894964592764,EMP0009
ORD59595,2019-08-26,610724761677,EMP0027
ORD34518,2017-12-18,485991156755,EMP0036
ORD14104,2023-10-02,879287674635,EMP0027
ORD95514,2022-04-28,662115392698,EMP0035
ORD64897,2024-03-06,884892785703,EMP0035
ORD22525,2017-03-29,719143000131,EMP0036
ORD56991,2021-04-07,676950316839,EMP0030
ORD69815,2020-03-27,100966386844,EMP0030
ORD64275,2022-12-29,19196356226,EMP0035
ORD53082,2026-02-10,949490549348,EMP0024
ORD93160,2021-02-13,515544310748,EMP0027
ORD21125,2026-04-20,356674331525,EMP0027
ORD64909,2025-03-15,28514672008,EMP0027
ORD38096,2017-02-18,716558205883,EMP0024
ORD42626,2022-08-10,574176966528,EMP0036
ORD54349,2026-02-11,678866766155,EMP0009
ORD63026,2023-05-27,28084668880,EMP0027
ORD41101,2025-07-29,670039079567,EMP0036
ORD33897,2021-04-12,315327351876,EMP0002
ORD38185,2017-04-08,371779725746,EMP0024
ORD21402,2026-08-07,159926405698,EMP0002
ORD32881,2023-04-07,716558205883,EMP0009
ORD28370,2017-04-26,484903192967,EMP0036
ORD25331,2024-04-02,377390351480,EMP0035
ORD80509,2018-04-13,628437882651,EMP0030
ORD35930,2020-09-04,762420563812,EMP0030
ORD42586,2025-04-10,304693096389,EMP0009
ORD91601,2025-10-20,595575388584,EMP0027
ORD38277,2026-05-24,172758871551,EMP0036
ORD77842,2024-12-07,593813526091,EMP0036
ORD94581,2021-07-10,17107284773,EMP0030
ORD11324,2022-02-09,331756912151,EMP0027
ORD36227,2020-09-08,184972349276,EMP0030
ORD87962,2023-05-13,314154307677,EMP0024
ORD96277,2017-08-13,937793021783,EMP0030
ORD26582,2017-07-08,825486039156,EMP0024
ORD44378,2019-05-09,519385673337,EMP0009
ORD49025,2025-12-22,661096661171,EMP0002
ORD85622,2020-06-26,539780235819,EMP0002
ORD97872,2022-05-28,239398013241,EMP0008
ORD35895,2024-10-11,100493764974,EMP0030
ORD26817,2021-03-15,574176966528,EMP0030
ORD12176,2019-07-19,768492886702,EMP0036
ORD73013,2021-07-11,515544310748,EMP0027
ORD21916,2025-11-05,515532308005,EMP0008
ORD54240,2018-04-04,235897564129,EMP0024
ORD37717,2026-01-17,70229266728,EMP0035
ORD70861,2021-07-18,196532885715,EMP0027
ORD71083,2026-04-17,362172557723,EMP0011
ORD68978,2017-06-03,332605771100,EMP0009
ORD90289,2019-06-16,691017045856,EMP0030
ORD21803,2021-04-10,835036138256,EMP0009
ORD98290,2024-10-21,328731196187,EMP0024
ORD24645,2018-09-11,647181699447,EMP0030
ORD84142,2018-09-20,331756912151,EMP0002
ORD49614,2024-09-10,59553509834,EMP0024
ORD67329,2026-05-24,628437882651,EMP0036
ORD16456,2018-05-01,284700815733,EMP0002
ORD68990,2018-04-22,27670393532,EMP0024
ORD35582,2023-05-10,825439150804,EMP0030
ORD31469,2021-03-05,342181973989,EMP0030
ORD93381,2025-10-31,529286339256,EMP0035
ORD34629,2025-07-28,268104525924,EMP0002
ORD10950,2024-06-30,406075145672,EMP0008
ORD51465,2022-04-15,268104525924,EMP0009
ORD89844,2025-08-08,505813253351,EMP0036
ORD66397,2019-10-23,293959315206,EMP0024
ORD24168,2019-05-01,101720735178,EMP0002
ORD31466,2026-04-23,812642727893,EMP0008
ORD18466,2025-09-12,682827105211,EMP0035
ORD48855,2021-05-20,65408985498,EMP0002
ORD66544,2026-03-27,154468591052,EMP0036
ORD37670,2024-02-18,478493228159,EMP0024
ORD55767,2023-06-05,605702562363,EMP0036
ORD75167,2023-05-29,672833613676,EMP0035
ORD89458,2017-03-05,66759784695,EMP0024
ORD35196,2020-02-26,629212230242,EMP0024
ORD81309,2026-06-28,311743034775,EMP0027
ORD92044,2026-03-26,399308735289,EMP0009
ORD65413,2018-05-29,456500426083,EMP0036
ORD89346,2021-05-18,458441202978,EMP0036
ORD43959,2024-03-18,189159244325,EMP0036
ORD30008,2024-05-12,994389352314,EMP0009
ORD36172,2025-02-02,159926405698,EMP0008
ORD20406,2019-06-05,843689462156,EMP0002
ORD44592,2020-08-13,254042989684,EMP0009
ORD15532,2020-04-02,281242375815,EMP0030
ORD81617,2022-12-14,584536131779,EMP0024
ORD50791,2021-05-07,812642727893,EMP0035
ORD72841,2023-06-08,204818027410,EMP0027
ORD15876,2022-12-14,811443258717,EMP0030
ORD76501,2020-05-03,654117291365,EMP0036
ORD91443,2022-01-28,368110424070,EMP0036
ORD31840,2022-08-04,3584011589,EMP0036
ORD56521,2019-09-03,46679746837,EMP0027
ORD71799,2021-06-18,101720735178,EMP0027
ORD62271,2023-12-11,108924480315,EMP0009
ORD15353,2020-05-12,291100307047,EMP0024
ORD72276,2020-05-09,678866766155,EMP0009
ORD60908,2026-04-11,841435162725,EMP0035
ORD12323,2020-04-04,50826345074,EMP0024
ORD88853,2022-05-17,141872162844,EMP0002
ORD96722,2019-11-04,192379159018,EMP0002
ORD59983,2023-04-13,496336870267,EMP0027
ORD81832,2019-11-05,975680393468,EMP0027
ORD84373,2018-08-11,966199416754,EMP0002
ORD75302,2022-02-08,235897564129,EMP0030
ORD55487,2026-07-14,234142343207,EMP0036
ORD84677,2018-02-24,356163430186,EMP0002
ORD85569,2023-08-10,662055187144,EMP0008
ORD96890,2023-12-04,389075974508,EMP0035
ORD21654,2025-11-17,785932624340,EMP0030
ORD38083,2020-04-19,110745814868,EMP0009
ORD93337,2024-09-03,291100307047,EMP0036
ORD51729,2020-08-19,110745814868,EMP0035
ORD66558,2018-05-08,92530020580,EMP0024
ORD98851,2022-11-20,121147046164,EMP0009
ORD94123,2026-02-11,232607411589,EMP0035
ORD82198,2018-05-07,825486039156,EMP0002
ORD96441,2022-07-13,226590187877,EMP0030
ORD94155,2025-04-19,467586391988,EMP0008
ORD60150,2023-08-16,92530020580,EMP0030
ORD47080,2024-05-31,106689707156,EMP0024
ORD65155,2026-02-21,50826345074,EMP0036
ORD29215,2024-10-16,971613640043,EMP0009
ORD54647,2019-08-22,332605771100,EMP0009
ORD87663,2022-09-04,360714549587,EMP0024
ORD73574,2025-12-16,506780106338,EMP0027
ORD14439,2026-02-14,643306844991,EMP0008
ORD84421,2021-11-23,174785770193,EMP0024
ORD99430,2018-08-08,635777671951,EMP0036
ORD32682,2025-08-18,121147046164,EMP0036
ORD47320,2021-01-24,48665908085,EMP0027
ORD31489,2022-12-09,882145706422,EMP0027
ORD19295,2020-10-11,750725088173,EMP0009
ORD63137,2021-03-02,801528982316,EMP0036
ORD35104,2025-12-26,487063067786,EMP0027
ORD23419,2018-02-14,174785770193,EMP0002
ORD72263,2025-01-01,356163430186,EMP0030
ORD63328,2025-04-20,415372821190,EMP0027
ORD48033,2022-04-03,865662827739,EMP0024
ORD51789,2024-06-24,784663949484,EMP0035
ORD82231,2019-08-23,310911503944,EMP0009
ORD23551,2019-10-09,332605771100,EMP0002
ORD50926,2023-09-08,635777671951,EMP0030
ORD58637,2022-03-26,812865478588,EMP0024
ORD33164,2025-02-28,841435162725,EMP0002
ORD29387,2021-04-02,835036138256,EMP0027
ORD81161,2018-06-19,313544626037,EMP0024
ORD40378,2022-05-04,755898644412,EMP0024
ORD91405,2026-05-21,662055187144,EMP0002
ORD31484,2026-01-02,224552599772,EMP0002
ORD61207,2021-10-24,635777671951,EMP0030
ORD22714,2023-08-27,283624979334,EMP0008
ORD11347,2020-02-15,546316504327,EMP0024
ORD33611,2019-10-03,894964592764,EMP0030
ORD64733,2019-04-24,44932092345,EMP0024
ORD45600,2022-04-05,73472015486,EMP0002
ORD49319,2021-10-16,489259584416,EMP0027
ORD21153,2024-07-10,19196356226,EMP0035
ORD85315,2021-11-29,241564918006,EMP0002
ORD17536,2019-03-03,794876417626,EMP0009
ORD97031,2018-01-10,593813526091,EMP0030
ORD72502,2019-08-12,367442791901,EMP0024
ORD33115,2018-08-06,595575388584,EMP0024
ORD72180,2019-10-14,94714117637,EMP0030
ORD32791,2024-09-14,841435162725,EMP0008
ORD17138,2019-12-19,588108270500,EMP0024
ORD68389,2021-09-11,291100307047,EMP0002
ORD14375,2024-10-03,930715419232,EMP0002
ORD67464,2023-05-18,293959315206,EMP0030
ORD44381,2019-06-15,281028348345,EMP0024
ORD66528,2018-02-20,281028348345,EMP0036
ORD90388,2017-08-10,973406257397,EMP0009
ORD69134,2025-02-22,50826345074,EMP0027
ORD75147,2018-05-05,63690491991,EMP0036
ORD17100,2021-03-07,877762208143,EMP0024
ORD98401,2017-05-06,610724761677,EMP0036
ORD90523,2019-04-01,177138166878,EMP0036
ORD77447,2025-12-07,311743034775,EMP0030
ORD79925,2025-10-31,894964592764,EMP0002
ORD61507,2020-09-25,595575388584,EMP0036
ORD77766,2025-11-21,27670393532,EMP0008
ORD39232,2018-04-14,90042563052,EMP0036
ORD79627,2018-05-13,785932624340,EMP0024
ORD72721,2019-03-20,241564918006,EMP0030
ORD89400,2017-09-26,971613640043,EMP0030
ORD66193,2023-08-31,90042563052,EMP0002
ORD75665,2019-11-22,584536131779,EMP0030
ORD53806,2020-10-24,306935616408,EMP0002
ORD70223,2026-06-12,73472015486,EMP0009
ORD54100,2017-06-20,356163430186,EMP0002
ORD27987,2018-10-02,342181973989,EMP0036
ORD92242,2020-03-21,155172764366,EMP0002
ORD71726,2024-05-09,744928504106,EMP0036
ORD65764,2021-07-12,494679130766,EMP0002
ORD86275,2025-08-21,144213551511,EMP0030
ORD93368,2017-11-30,367970005064,EMP0024
ORD18509,2023-08-13,241455917276,EMP0024
ORD55182,2018-08-28,67108848660,EMP0002
ORD75594,2025-12-21,768459423230,EMP0002
ORD93288,2020-09-10,768459423230,EMP0024
ORD69794,2024-02-26,174785770193,EMP0008
ORD41551,2021-07-30,847222674221,EMP0009
ORD58431,2026-01-07,679168023328,EMP0030
ORD72912,2022-07-11,367431611517,EMP0024
ORD31669,2025-07-03,605702562363,EMP0030
ORD22169,2025-12-30,494679130766,EMP0035
ORD84451,2024-12-04,673730823720,EMP0002
ORD43623,2023-12-18,46679746837,EMP0035
ORD41339,2018-12-09,784663949484,EMP0036
ORD80955,2025-02-28,515532308005,EMP0002
ORD10787,2021-07-06,371779725746,EMP0030
ORD21319,2019-11-02,865662827739,EMP0024
ORD67550,2023-11-11,268104525924,EMP0036
ORD76431,2021-10-18,884892785703,EMP0009
ORD71808,2019-03-09,311743034775,EMP0024
ORD64113,2018-09-24,930164721067,EMP0036
ORD76521,2026-04-24,893073206097,EMP0009
ORD55903,2022-02-27,539780235819,EMP0009
ORD79795,2023-04-04,155172764366,EMP0008
ORD62897,2023-08-26,106689707156,EMP0008
ORD67785,2020-09-11,100966386844,EMP0024
ORD23281,2021-03-20,877762208143,EMP0002
ORD25959,2024-09-13,155172764366,EMP0036
ORD42417,2019-02-09,935958659210,EMP0030
ORD33947,2025-10-27,15397054943,EMP0027
ORD68053,2017-10-01,234142343207,EMP0036
ORD17154,2018-05-08,506780106338,EMP0002
ORD82476,2025-01-31,519385673337,EMP0024
ORD51867,2018-05-05,371057931290,EMP0002
ORD38431,2018-11-30,95968902156,EMP0036
ORD93130,2023-06-30,54184658110,EMP0009
ORD60198,2025-03-30,91755866571,EMP0009
ORD59922,2017-12-16,32852049515,EMP0002
ORD20386,2022-03-21,306967349500,EMP0024
ORD25701,2026-05-01,800678428108,EMP0009
ORD28351,2023-01-14,564512078787,EMP0035
ORD97976,2024-07-13,841435162725,EMP0008
ORD68667,2021-11-06,306935616408,EMP0009
ORD80603,2018-12-25,232607411589,EMP0030
ORD12131,2024-08-28,7786301982,EMP0036
ORD72974,2018-08-24,50826345074,EMP0030
ORD90191,2022-05-01,383295295480,EMP0009
ORD86151,2019-02-21,235897564129,EMP0009
ORD96697,2024-02-15,367970005064,EMP0008
ORD69747,2022-06-11,241564918006,EMP0024
ORD29955,2024-06-27,930164721067,EMP0024
ORD77942,2020-04-02,371057931290,EMP0009
ORD40472,2017-09-12,995539938818,EMP0024
ORD56438,2020-04-28,529985913965,EMP0027
ORD25043,2019-09-20,295581094702,EMP0027
ORD79397,2020-11-19,77173542465,EMP0024
ORD66616,2021-02-26,86842533292,EMP0036
ORD27800,2026-07-07,975680393468,EMP0035
ORD51782,2019-08-19,155172764366,EMP0024
ORD36063,2026-02-20,367442791901,EMP0036
ORD74659,2018-08-18,800788044612,EMP0030
ORD98008,2023-12-14,136717837985,EMP0030
ORD57483,2026-04-29,780296107308,EMP0027
ORD20218,2023-04-12,529985913965,EMP0024
ORD64194,2023-02-04,583844134809,EMP0030
ORD60438,2024-10-03,77173542465,EMP0030
ORD99966,2021-12-17,854485510228,EMP0035
ORD27781,2021-08-15,793675662209,EMP0030
ORD75408,2020-10-24,554579122919,EMP0030
ORD71011,2021-11-08,937603796445,EMP0030
ORD91404,2025-02-28,407292501370,EMP0009
ORD65361,2024-08-09,106828463082,EMP0002
ORD41570,2022-08-29,196532885715,EMP0009
ORD53511,2021-09-30,876413102882,EMP0036
ORD24850,2024-12-21,770266247325,EMP0024
ORD98103,2022-01-04,401152985121,EMP0024
ORD44196,2021-08-06,590348052106,EMP0024
ORD16851,2020-07-08,662055187144,EMP0027
ORD52257,2017-12-06,542102823029,EMP0009
ORD18537,2025-09-08,971613640043,EMP0002
ORD27589,2023-09-01,95968902156,EMP0009
ORD34647,2025-01-24,377390351480,EMP0030
ORD58881,2022-07-15,281242375815,EMP0008
ORD38207,2019-04-13,224552599772,EMP0002
ORD84713,2022-03-06,629212230242,EMP0008
ORD56363,2024-09-09,268104525924,EMP0030
ORD42436,2021-02-24,401152985121,EMP0009
ORD86096,2025-09-17,897623808167,EMP0035
ORD36597,2019-11-02,23381111243,EMP0002
ORD82280,2020-05-05,389075974508,EMP0030
ORD87159,2021-06-23,399088520398,EMP0002
ORD23335,2025-10-17,90136895966,EMP0035
ORD57140,2018-09-17,811443258717,EMP0009
ORD91503,2024-04-11,914848523980,EMP0008
ORD54293,2024-12-02,226590187877,EMP0027
ORD97707,2019-10-31,966199416754,EMP0024
ORD46580,2017-05-02,673730823720,EMP0030
ORD76080,2026-07-12,264787248433,EMP0002
ORD96628,2018-07-01,63690491991,EMP0024
ORD72478,2018-10-01,177138166878,EMP0002
ORD28661,2020-08-15,54184658110,EMP0024
ORD77900,2017-10-11,559102980964,EMP0036
ORD80740,2023-02-01,467842582157,EMP0030
ORD25678,2020-08-08,9984557441,EMP0036
ORD16243,2024-06-13,635777671951,EMP0035
ORD72692,2024-10-03,85340365784,EMP0009
ORD53810,2023-05-05,542563286881,EMP0035
ORD59562,2019-11-10,884892785703,EMP0024
ORD10155,2022-09-21,383295295480,EMP0027
ORD77247,2018-01-23,505813253351,EMP0030
ORD10502,2017-04-20,192379159018,EMP0009
ORD85127,2021-06-18,142898293983,EMP0024
ORD83541,2025-08-25,100493764974,EMP0024
ORD42886,2019-07-02,539780235819,EMP0036
ORD18316,2023-10-02,749871599296,EMP0030
ORD53539,2026-07-30,196532885715,EMP0008
ORD88054,2024-05-13,485991156755,EMP0030
ORD31325,2021-01-23,561072850211,EMP0035
ORD36964,2022-08-31,615871137121,EMP0024
ORD51093,2020-02-26,521019671572,EMP0027
ORD17019,2017-02-15,855610891215,EMP0024
ORD90182,2021-05-21,793675662209,EMP0024
ORD55021,2020-12-15,174785770193,EMP0027
ORD41082,2023-02-22,305833566485,EMP0009
ORD28875,2024-11-20,676950316839,EMP0002
ORD53046,2018-02-08,356674331525,EMP0030
ORD41586,2023-07-23,521019671572,EMP0036
ORD53401,2020-08-06,471082498153,EMP0035
ORD91520,2021-02-19,768492886702,EMP0030
ORD99460,2018-11-11,68390609813,EMP0024
ORD95051,2019-02-01,377390351480,EMP0024
ORD53633,2019-10-31,362172557723,EMP0030
ORD38197,2017-03-12,234142343207,EMP0009
ORD28782,2019-10-24,682827105211,EMP0036
ORD21999,2019-02-05,27670393532,EMP0009
ORD45584,2021-10-08,497361659279,EMP0030
ORD48787,2024-02-14,678866766155,EMP0008
ORD28947,2024-10-11,146815846589,EMP0008
ORD80132,2023-09-03,998370370319,EMP0030
ORD41651,2019-12-21,465024904817,EMP0027
ORD19864,2024-10-15,175590070462,EMP0002
ORD28555,2017-05-25,593838282591,EMP0030
ORD95667,2017-05-25,356674331525,EMP0030
ORD51077,2023-03-24,264669698729,EMP0009
ORD12864,2026-07-16,159926405698,EMP0024
ORD66971,2021-07-25,919883665503,EMP0002
ORD58937,2026-08-01,304693096389,EMP0002
ORD58408,2025-03-31,281242375815,EMP0024
ORD85351,2020-03-15,489259584416,EMP0035
ORD41584,2017-05-07,584536131779,EMP0024
ORD15033,2021-02-16,90042563052,EMP0027
ORD81410,2024-07-06,297912737108,EMP0036
ORD44001,2026-05-23,28084668880,EMP0035
ORD11524,2017-05-15,801528982316,EMP0024
ORD68799,2017-04-02,994389352314,EMP0024
ORD97852,2023-10-02,784774059431,EMP0036
ORD53965,2024-04-30,998370370319,EMP0027
ORD61924,2025-02-03,19196356226,EMP0002
ORD52071,2017-02-20,389075974508,EMP0009
ORD75794,2024-01-23,529286339256,EMP0024
ORD84986,2020-06-12,362024165865,EMP0024
ORD72021,2023-11-08,100493764974,EMP0030
ORD11565,2025-07-05,786416628243,EMP0002
ORD93803,2017-08-18,295581094702,EMP0009
ORD83754,2021-01-22,367970005064,EMP0027
ORD53817,2022-02-20,342181973989,EMP0027
ORD36175,2024-05-24,14672226083,EMP0035
ORD29212,2017-07-06,363048548271,EMP0036
ORD12034,2017-07-08,48665908085,EMP0036
ORD45167,2019-11-20,843689462156,EMP0009
ORD37429,2018-11-11,855812455518,EMP0024
ORD67846,2017-08-18,407312141891,EMP0036
ORD66156,2023-02-21,86842533292,EMP0002
ORD83715,2022-05-26,841435162725,EMP0035
ORD49852,2020-06-05,784620368993,EMP0009
ORD70815,2020-11-08,812642727893,EMP0030
ORD71613,2022-10-13,172758871551,EMP0009
ORD33382,2023-04-01,464745684263,EMP0009
ORD14943,2024-09-24,283624979334,EMP0024
ORD93476,2019-12-03,69626469890,EMP0030
ORD38373,2017-09-08,865602991641,EMP0002
ORD94586,2023-11-16,124446040845,EMP0030
ORD85736,2022-01-07,613305910991,EMP0009
ORD62525,2018-07-03,314154307677,EMP0030
ORD93237,2024-09-14,475289864606,EMP0035
ORD54389,2021-10-29,50826345074,EMP0024
ORD37209,2022-01-22,304690864118,EMP0002
ORD82921,2020-03-26,237827170558,EMP0002
ORD11708,2017-09-08,583844134809,EMP0036
ORD14381,2026-01-18,297912737108,EMP0030
ORD68338,2025-09-12,85340365784,EMP0036
ORD26897,2022-08-12,136717837985,EMP0027
ORD98066,2023-03-24,965446893369,EMP0027
ORD25181,2026-01-11,155172764366,EMP0027
ORD80650,2017-05-01,342181973989,EMP0024
ORD91907,2025-06-19,780296107308,EMP0035
ORD81372,2025-09-25,841315815090,EMP0008
ORD49333,2021-07-28,180742338050,EMP0036
ORD22791,2017-04-25,99611393116,EMP0024
ORD36044,2018-04-29,949490549348,EMP0024
ORD58291,2024-03-17,281242375815,EMP0030
ORD38686,2025-01-06,91755866571,EMP0035
ORD50936,2021-10-26,562264642657,EMP0002
ORD57586,2025-11-20,800678428108,EMP0036
ORD14196,2025-12-06,367970005064,EMP0027
ORD19169,2017-07-11,615871137121,EMP0030
ORD15808,2023-03-26,879287674635,EMP0024
ORD78773,2023-05-14,314154307677,EMP0009
ORD37362,2022-07-02,155172764366,EMP0024
ORD65574,2020-04-05,800678428108,EMP0036
ORD76636,2021-05-14,90042563052,EMP0030
ORD48211,2017-04-25,14672226083,EMP0030
ORD40426,2018-11-16,436142717167,EMP0002
ORD98777,2024-10-13,489259584416,EMP0035
ORD94387,2019-05-22,243793091515,EMP0009
ORD95471,2022-03-17,894964592764,EMP0030
ORD55189,2024-09-27,68390609813,EMP0035
ORD21281,2022-03-01,48665908085,EMP0009
ORD25984,2017-05-09,627393821522,EMP0030
ORD58680,2021-09-26,678866766155,EMP0035
ORD20183,2024-08-27,28514672008,EMP0024
ORD57435,2022-05-02,812865478588,EMP0008
ORD45294,2019-04-27,948791889374,EMP0009
ORD67192,2019-06-20,67108848660,EMP0024
ORD28388,2021-07-13,415372821190,EMP0002
ORD94870,2019-04-18,780296107308,EMP0002
ORD72041,2021-05-18,475289864606,EMP0027
ORD96588,2018-08-03,44932092345,EMP0009
ORD43340,2021-04-14,249272759680,EMP0036
ORD31976,2018-06-18,68390609813,EMP0030
ORD29980,2020-11-21,241455917276,EMP0036
ORD10263,2024-12-26,777163017654,EMP0002
ORD17076,2022-03-29,281242375815,EMP0036
ORD64739,2020-09-05,235897564129,EMP0030
ORD67951,2020-11-21,400707250732,EMP0024
ORD23258,2020-10-23,115057566047,EMP0002
ORD14687,2026-05-23,628824705347,EMP0024
ORD93406,2020-08-30,7786301982,EMP0024
ORD93218,2023-05-11,65408985498,EMP0027
ORD90616,2019-10-30,949490549348,EMP0024
ORD68166,2024-07-02,843689462156,EMP0027
ORD85580,2026-06-12,673730823720,EMP0035
ORD84793,2017-09-23,189159244325,EMP0024
ORD90732,2026-07-09,703248568211,EMP0008
ORD19725,2017-02-14,9984557441,EMP0002
ORD52061,2026-03-16,328731196187,EMP0036
ORD28926,2020-09-16,264787248433,EMP0024
ORD51678,2020-02-12,628824705347,EMP0024
ORD22091,2021-08-23,181089816253,EMP0002
ORD51834,2018-08-07,963400488960,EMP0036
ORD68643,2018-06-05,963075021684,EMP0002
ORD13862,2019-04-01,489259584416,EMP0036
ORD16714,2019-11-30,890642534184,EMP0009
ORD71840,2017-11-19,574176966528,EMP0024
ORD24035,2026-05-28,159926405698,EMP0002
ORD25748,2019-06-11,362024165865,EMP0009
ORD51688,2026-04-14,639464282012,EMP0035
ORD51796,2018-08-03,249272759680,EMP0024
ORD50875,2023-09-03,85340365784,EMP0027
ORD32688,2018-04-03,167738102512,EMP0009
ORD81109,2017-05-26,478493228159,EMP0030
ORD22922,2021-06-06,368110424070,EMP0035
ORD10175,2019-03-28,487063067786,EMP0030
ORD26341,2023-11-17,313544626037,EMP0030
ORD10326,2020-10-21,114298920773,EMP0002
ORD71959,2023-07-18,879287674635,EMP0035
ORD69600,2022-02-01,770266247325,EMP0002
ORD46723,2017-06-12,144213551511,EMP0002
ORD49725,2024-01-20,703248568211,EMP0008
ORD80924,2022-06-04,989563764163,EMP0008
ORD53429,2021-04-30,729418870351,EMP0024
ORD43900,2019-02-26,601330503464,EMP0030
ORD42335,2026-06-21,306935616408,EMP0024
ORD58479,2026-06-30,144213551511,EMP0027
ORD49311,2025-07-03,812642727893,EMP0035
ORD51020,2020-01-06,593813526091,EMP0030
ORD63412,2021-12-20,100400621152,EMP0009
ORD96232,2022-07-12,77173542465,EMP0024
ORD55105,2023-08-24,315492436353,EMP0008
ORD45975,2022-11-12,546033025011,EMP0030
ORD84578,2017-07-02,32852049515,EMP0002
ORD36321,2018-09-08,311743034775,EMP0009
ORD53151,2025-10-08,754695802064,EMP0030
ORD22179,2020-05-20,100400621152,EMP0036
ORD95156,2020-06-07,487063067786,EMP0002
ORD39059,2024-05-18,588108270500,EMP0009
ORD11085,2023-07-06,744928504106,EMP0027
ORD50130,2017-04-09,890642534184,EMP0009
ORD47145,2024-08-16,101720735178,EMP0008
ORD81495,2025-04-09,786416628243,EMP0030
ORD47362,2023-08-27,561072850211,EMP0024
ORD80745,2019-12-01,367431611517,EMP0036
ORD25384,2025-11-08,367970005064,EMP0024
ORD52814,2019-09-17,768492886702,EMP0002
ORD57664,2018-03-26,751461939823,EMP0009
ORD75412,2022-04-27,360714549587,EMP0030
ORD49154,2017-09-10,519385673337,EMP0030
ORD13330,2022-04-07,762420563812,EMP0035
ORD34326,2023-10-08,108924480315,EMP0035
ORD19101,2020-11-11,362024165865,EMP0002
ORD39594,2018-03-15,847222674221,EMP0002
ORD48827,2025-06-04,19196356226,EMP0027
ORD82036,2019-07-08,456500426083,EMP0002
ORD97937,2021-08-17,965446893369,EMP0027
ORD83422,2022-05-09,583844134809,EMP0027
ORD45016,2022-02-13,768459423230,EMP0035
ORD22532,2021-06-13,601330503464,EMP0035
ORD22002,2023-02-18,237827170558,EMP0030
ORD38168,2018-01-18,347100112479,EMP0002
ORD86538,2022-04-24,458441202978,EMP0009
ORD30416,2022-10-21,292370077634,EMP0035
ORD12602,2025-05-10,204415179767,EMP0035
ORD40710,2017-11-23,46679746837,EMP0036
ORD64687,2018-01-26,204818027410,EMP0002
ORD46606,2018-10-24,293959315206,EMP0002
ORD61121,2019-02-10,239398013241,EMP0030
ORD68339,2026-08-02,465024904817,EMP0035
ORD87456,2024-01-29,43033723243,EMP0009
ORD16741,2023-01-15,180742338050,EMP0024
ORD52613,2023-07-14,465024904817,EMP0027
ORD80027,2022-07-04,146815846589,EMP0030
ORD93572,2023-11-04,85340365784,EMP0030
ORD97960,2022-05-25,643306844991,EMP0009
ORD19607,2024-02-19,95968902156,EMP0024
ORD16531,2020-09-26,935958659210,EMP0035
ORD78434,2020-02-25,353950730808,EMP0002
ORD88699,2017-04-10,310911503944,EMP0030
ORD51120,2018-05-31,998370370319,EMP0024
ORD17447,2022-02-28,654668995403,EMP0035
ORD51489,2025-06-05,53808051844,EMP0002
ORD28394,2019-01-28,963075021684,EMP0024
ORD69053,2017-09-10,559102980964,EMP0009
ORD98506,2019-02-01,235897564129,EMP0009
ORD80744,2018-02-04,295581094702,EMP0002
ORD82789,2024-04-10,342581811949,EMP0035
ORD51906,2025-05-08,32852049515,EMP0002
ORD14970,2024-04-23,99611393116,EMP0009
ORD78023,2018-02-07,196532885715,EMP0009
ORD25152,2024-04-30,467586391988,EMP0009
ORD77072,2021-06-02,155172764366,EMP0035
ORD98663,2019-12-31,529985913965,EMP0036
ORD45235,2024-06-27,101720735178,EMP0030
ORD91509,2026-06-10,812865478588,EMP0008
ORD78496,2024-02-18,464745684263,EMP0030
ORD99265,2022-03-18,615871137121,EMP0030
ORD12569,2021-02-21,662115392698,EMP0030
ORD24695,2022-07-19,825439150804,EMP0027
ORD58401,2024-10-02,755254948943,EMP0002
ORD44812,2019-09-27,180742338050,EMP0036
ORD77722,2023-11-24,777163017654,EMP0030
ORD24674,2023-05-07,100966386844,EMP0036
ORD59931,2020-06-27,150118786987,EMP0035
ORD21463,2026-07-01,378341997844,EMP0024
ORD94038,2020-09-10,521019671572,EMP0035
ORD19033,2018-10-11,883767955485,EMP0009
ORD59367,2019-02-17,804122389846,EMP0002
ORD54641,2024-11-27,937603796445,EMP0027
ORD22416,2018-10-20,654117291365,EMP0002
ORD79872,2024-12-12,377390351480,EMP0008
ORD77521,2023-05-31,259665336546,EMP0008
ORD28817,2019-08-25,914848523980,EMP0002
ORD55221,2022-09-19,367970005064,EMP0024
ORD70201,2021-04-02,90136895966,EMP0009
ORD75779,2020-01-07,812642727893,EMP0024
ORD24464,2020-01-06,794876417626,EMP0027
ORD21039,2019-10-18,561072850211,EMP0030
ORD99506,2024-02-12,897623808167,EMP0035
ORD25359,2024-08-06,794876417626,EMP0035
ORD71242,2026-02-21,877762208143,EMP0008
ORD51619,2021-08-11,478493228159,EMP0027
ORD98883,2018-06-09,904400534988,EMP0009
ORD14799,2023-02-24,628437882651,EMP0030
ORD48519,2017-12-18,627393821522,EMP0030
ORD48627,2026-05-21,286909472978,EMP0035
ORD15721,2022-10-23,283624979334,EMP0035
ORD51155,2025-01-07,935958659210,EMP0036
ORD91708,2025-10-22,784774059431,EMP0035
ORD86600,2018-09-21,784774059431,EMP0002
ORD42729,2023-06-15,359104406393,EMP0035
ORD91797,2020-04-21,189159244325,EMP0002
ORD24661,2020-12-30,144213551511,EMP0002
ORD48241,2023-11-27,100400621152,EMP0008
ORD67754,2024-10-22,584536131779,EMP0035
ORD15698,2023-12-18,647181699447,EMP0024
ORD29056,2023-04-25,154787918977,EMP0008
ORD94631,2020-08-17,28514672008,EMP0009
ORD24662,2022-04-22,192379159018,EMP0008
ORD17379,2022-10-04,965446893369,EMP0024
ORD39430,2023-12-01,306935616408,EMP0008
ORD77455,2017-12-08,770266247325,EMP0002
ORD10690,2020-10-20,966199416754,EMP0024
ORD16413,2019-05-15,784620368993,EMP0036
ORD62204,2024-01-08,201736639751,EMP0002
ORD78568,2026-05-03,464745684263,EMP0027
ORD86602,2019-04-10,989563764163,EMP0030
ORD44777,2023-02-03,635777671951,EMP0002
ORD31423,2022-05-25,94714117637,EMP0030
ORD19009,2024-06-21,703248568211,EMP0024
ORD58429,2019-03-01,342581811949,EMP0030
ORD30203,2018-02-02,136717837985,EMP0024
ORD83206,2025-05-20,100966386844,EMP0035
ORD90159,2018-05-18,167738102512,EMP0024
ORD15768,2017-10-01,838190777678,EMP0030
ORD51732,2019-07-04,65408985498,EMP0036
ORD96469,2022-07-21,884892785703,EMP0027
ORD84222,2022-08-08,785932624340,EMP0030
ORD79158,2025-09-01,73472015486,EMP0024
ORD90283,2024-03-27,998370370319,EMP0036
ORD47489,2022-09-27,154468591052,EMP0002
ORD97782,2021-04-03,315492436353,EMP0036
ORD89207,2022-02-18,305833566485,EMP0036
ORD44098,2022-12-03,919733842438,EMP0024
ORD39884,2019-06-11,3584011589,EMP0030
ORD54831,2024-06-20,342778710662,EMP0009
ORD72158,2023-10-27,890642534184,EMP0030
ORD80108,2019-04-29,436142717167,EMP0009
ORD31836,2026-02-08,179283408763,EMP0035
ORD41601,2020-04-06,49477414641,EMP0036
ORD94212,2026-01-17,331756912151,EMP0036
ORD52745,2020-05-02,662115392698,EMP0035
ORD91202,2024-12-28,272240852670,EMP0030
ORD95081,2023-05-24,264669698729,EMP0030
ORD99270,2019-02-18,973406257397,EMP0002
ORD83720,2022-03-18,259665336546,EMP0008
ORD57881,2017-08-10,347100112479,EMP0036
ORD58014,2021-07-31,467586391988,EMP0036
ORD47520,2023-08-07,973406257397,EMP0030
ORD58384,2018-01-09,937603796445,EMP0030
ORD60181,2023-11-10,865662827739,EMP0036
ORD84699,2017-10-25,768969035446,EMP0009
ORD25278,2019-07-21,235897564129,EMP0024
ORD14964,2021-01-27,800788044612,EMP0024
ORD78853,2025-10-12,399088520398,EMP0036
ORD27256,2017-06-30,647181699447,EMP0002
ORD89865,2017-04-06,559102980964,EMP0030
ORD45347,2020-06-26,627393821522,EMP0009
ORD73842,2023-10-01,295581094702,EMP0035
ORD32887,2019-04-27,519385673337,EMP0009
ORD75807,2019-11-21,53808051844,EMP0027
ORD34132,2020-06-27,268104525924,EMP0035
ORD34196,2022-06-14,263236339870,EMP0030
ORD63591,2018-07-16,966199416754,EMP0024
ORD80918,2024-11-06,549144072161,EMP0008
ORD44957,2017-06-12,378341997844,EMP0009
ORD90555,2019-04-06,595575388584,EMP0024
ORD68506,2017-10-25,141868539856,EMP0024
ORD56623,2017-08-11,768459423230,EMP0024
ORD99464,2024-05-07,179283408763,EMP0024
ORD54134,2025-04-21,141868539856,EMP0036
ORD47035,2024-10-05,144213551511,EMP0009
ORD18268,2017-08-14,226590187877,EMP0024
ORD48424,2019-01-13,234142343207,EMP0002
ORD51125,2025-12-11,691017045856,EMP0024
ORD24789,2017-04-09,603139109002,EMP0036
ORD44571,2023-10-02,574176966528,EMP0036
ORD46142,2024-05-25,670039079567,EMP0035
ORD84525,2023-08-26,73472015486,EMP0035
ORD55192,2026-06-11,475289864606,EMP0011
ORD56645,2022-09-29,691017045856,EMP0036
ORD64009,2025-03-23,9984557441,EMP0009
ORD24587,2023-06-02,380511492428,EMP0036
ORD26144,2026-06-17,629238018986,EMP0036
ORD48483,2024-10-04,835036138256,EMP0030
ORD28563,2017-09-15,672833613676,EMP0030
ORD72442,2023-05-15,605702562363,EMP0009
ORD16849,2020-04-14,812865478588,EMP0024
ORD77761,2017-03-23,204818027410,EMP0009
ORD27282,2023-10-27,28514672008,EMP0036
ORD16701,2022-08-07,989563764163,EMP0030
ORD76543,2022-10-12,14672226083,EMP0030
ORD48999,2023-11-09,775461437156,EMP0009
ORD54475,2020-04-02,232607411589,EMP0027
ORD61184,2017-10-19,975680393468,EMP0036
ORD19809,2022-12-28,383295295480,EMP0009
ORD50752,2021-01-30,383295295480,EMP0030
ORD60127,2022-04-15,305833566485,EMP0036
ORD47485,2022-10-10,780296107308,EMP0035
ORD16432,2018-10-15,154468591052,EMP0002
ORD77219,2022-05-02,843689462156,EMP0002
ORD20596,2020-10-18,63690491991,EMP0002
ORD67315,2025-03-24,545984240886,EMP0036
ORD91692,2019-06-30,786416628243,EMP0024
ORD65278,2023-02-21,92530020580,EMP0030
ORD38239,2021-05-10,662055187144,EMP0002
ORD56800,2024-01-28,314154307677,EMP0008
ORD42531,2017-06-06,556084287436,EMP0002
ORD45404,2017-09-06,746515120487,EMP0036
ORD72989,2024-05-11,7786301982,EMP0027
ORD52911,2019-12-30,703248568211,EMP0002
ORD83760,2023-06-30,754695802064,EMP0036
ORD62070,2025-04-21,225235000304,EMP0008
ORD10416,2025-11-03,3584011589,EMP0024
ORD10193,2025-09-11,998370370319,EMP0009
ORD73705,2022-04-05,99611393116,EMP0009
ORD41650,2025-12-01,935958659210,EMP0035
ORD31806,2021-01-01,224552599772,EMP0002
ORD99435,2017-09-24,602413907969,EMP0024
ORD15883,2021-01-05,601330503464,EMP0024
ORD14803,2018-07-09,755254948943,EMP0009
ORD76428,2020-06-11,893073206097,EMP0002
ORD58139,2018-01-09,293959315206,EMP0009
ORD40059,2018-01-28,319297231833,EMP0030
ORD17001,2024-12-31,140235436133,EMP0024
ORD37389,2017-12-14,820174865880,EMP0002
ORD31562,2020-07-16,259665336546,EMP0009
ORD45851,2023-04-22,360499557366,EMP0009
ORD60609,2024-03-08,971613640043,EMP0009
ORD72393,2026-05-31,825439150804,EMP0008
ORD56326,2021-12-09,314154307677,EMP0024
ORD91628,2023-06-07,241455917276,EMP0009
ORD88513,2022-12-29,328731196187,EMP0009
ORD86471,2020-08-28,562264642657,EMP0030
ORD82397,2020-02-13,284700815733,EMP0030
ORD96578,2021-06-12,545984240886,EMP0027
ORD28402,2023-05-31,467586391988,EMP0002
ORD26634,2024-01-10,167738102512,EMP0024
ORD10804,2020-02-25,353950730808,EMP0027
ORD33688,2022-10-10,306935616408,EMP0035
ORD99671,2020-09-28,800788044612,EMP0002
ORD38266,2020-04-22,356163430186,EMP0030
ORD86011,2026-04-20,196532885715,EMP0035
ORD74364,2025-09-14,7786301982,EMP0002
ORD53530,2021-08-16,378341997844,EMP0009
ORD94954,2021-11-03,172758871551,EMP0024
ORD16065,2024-12-31,306967349500,EMP0024
ORD24919,2018-12-08,574176966528,EMP0030
ORD51589,2017-05-19,383295295480,EMP0030
ORD46486,2024-04-12,729418870351,EMP0027
ORD16935,2019-02-19,467842582157,EMP0036
ORD99062,2023-01-23,746515120487,EMP0027
ORD69207,2017-05-01,85340365784,EMP0009
ORD36570,2018-07-01,368110424070,EMP0036
ORD37544,2017-06-26,332605771100,EMP0036
ORD30921,2020-01-09,847222674221,EMP0036
ORD22849,2024-05-10,400707250732,EMP0027
ORD75065,2026-01-31,380511492428,EMP0027
ORD64355,2024-01-02,150118786987,EMP0002
ORD83312,2024-05-24,949490549348,EMP0027
ORD86668,2024-09-18,971613640043,EMP0002
ORD54914,2020-09-23,505813253351,EMP0024
ORD95721,2024-07-19,825439150804,EMP0008
ORD32166,2020-06-19,765645226936,EMP0027
ORD52813,2025-02-27,33431985698,EMP0024
ORD51756,2019-11-28,456500426083,EMP0009
ORD65940,2019-06-26,67108848660,EMP0030
ORD12766,2025-03-15,800788044612,EMP0009
ORD83764,2025-09-11,975680393468,EMP0035
ORD78760,2017-11-03,243793091515,EMP0036
ORD57023,2023-08-14,304960460343,EMP0024
ORD31687,2026-03-02,305833566485,EMP0024
ORD81456,2025-02-22,9984557441,EMP0024
ORD97181,2020-10-31,150118786987,EMP0027
ORD33833,2026-07-14,994389352314,EMP0035
ORD26490,2025-08-17,67108848660,EMP0027
ORD85479,2017-09-25,59553509834,EMP0036
ORD51633,2017-04-24,108924480315,EMP0030
ORD47220,2024-07-03,106828463082,EMP0036
ORD78830,2019-07-23,44932092345,EMP0009
ORD86820,2018-03-01,676950316839,EMP0030
ORD55908,2018-12-14,841435162725,EMP0024
ORD52355,2017-09-29,562264642657,EMP0024
ORD39441,2025-07-05,467167055404,EMP0002
ORD96759,2023-01-26,765645226936,EMP0036
ORD53289,2025-11-21,235897564129,EMP0036
ORD68959,2019-07-26,865662827739,EMP0030
ORD10876,2024-12-23,14672226083,EMP0024
ORD90665,2022-07-03,610724761677,EMP0030
ORD76699,2024-03-22,464745684263,EMP0030
ORD16313,2018-07-22,254042989684,EMP0024
ORD88540,2022-04-06,937793021783,EMP0036
ORD94901,2018-05-04,407292501370,EMP0009
ORD32511,2021-10-02,549144072161,EMP0035
ORD17262,2021-10-07,800788044612,EMP0002
ORD40576,2025-05-05,305833566485,EMP0008
ORD13429,2018-07-18,399088520398,EMP0009
ORD71778,2024-04-25,399088520398,EMP0008
ORD92105,2021-05-10,367970005064,EMP0030
ORD21052,2022-11-25,180742338050,EMP0024
ORD11263,2020-01-11,754695802064,EMP0027
ORD42205,2024-06-06,407292501370,EMP0030
ORD52396,2024-11-28,306574422850,EMP0008
ORD92523,2017-02-12,363048548271,EMP0024
ORD51021,2017-11-14,100400621152,EMP0036
ORD10172,2019-03-23,281028348345,EMP0002
ORD51431,2023-10-26,90042563052,EMP0024
ORD58359,2025-10-13,703248568211,EMP0024
ORD93052,2021-01-12,356674331525,EMP0030
ORD64616,2023-09-08,661096661171,EMP0035
ORD11339,2020-10-29,283624979334,EMP0009
ORD95000,2025-05-16,356674331525,EMP0035
ORD32188,2026-04-14,91755866571,EMP0035
ORD95683,2023-08-29,399308735289,EMP0036
ORD47241,2025-03-02,627393821522,EMP0035
ORD80854,2023-02-01,662055187144,EMP0002
ORD23928,2025-09-28,835036138256,EMP0024
ORD78078,2017-12-28,180742338050,EMP0030
ORD65176,2024-06-29,180742338050,EMP0009
ORD33884,2025-02-10,628437882651,EMP0030
ORD96092,2017-06-08,90136895966,EMP0030
ORD62732,2019-01-03,746515120487,EMP0009
ORD50635,2020-09-27,179283408763,EMP0009
ORD74921,2022-09-20,281028348345,EMP0027
ORD79110,2017-11-11,110745814868,EMP0036
ORD54223,2020-05-30,994389352314,EMP0030
ORD10974,2019-10-01,310686039415,EMP0030
ORD20027,2020-06-18,777163017654,EMP0035
ORD13788,2022-11-29,353950730808,EMP0035
ORD88162,2018-10-14,682827105211,EMP0024
ORD71694,2019-09-10,66759784695,EMP0009
ORD21622,2021-10-10,174785770193,EMP0036
ORD17312,2018-03-24,484903192967,EMP0009
ORD54896,2025-12-28,601330503464,EMP0030
ORD68307,2020-08-12,115057566047,EMP0035
ORD31856,2026-02-22,456500426083,EMP0027
ORD66891,2019-09-10,362024165865,EMP0027
ORD77777,2017-09-05,100966386844,EMP0030
ORD91305,2019-10-23,46679746837,EMP0036
ORD81115,2021-10-24,519385673337,EMP0036
ORD93089,2023-12-12,67108848660,EMP0027
ORD85356,2021-10-17,91020824203,EMP0035
ORD73175,2024-07-04,115057566047,EMP0030
ORD93037,2020-07-25,672833613676,EMP0036
ORD20472,2017-10-05,670039079567,EMP0036
ORD29734,2022-10-10,835036138256,EMP0036
ORD55268,2026-04-25,367442791901,EMP0027
ORD44472,2026-03-04,241455917276,EMP0027
ORD81637,2022-07-11,749871599296,EMP0030
ORD95153,2026-05-06,546033025011,EMP0011
ORD70856,2023-05-05,49477414641,EMP0027
ORD52161,2023-09-11,728178961624,EMP0027
ORD94672,2025-07-11,113078212232,EMP0030
ORD41741,2017-04-29,971402127239,EMP0030
ORD58227,2023-01-02,877762208143,EMP0008
ORD97614,2025-01-01,948791889374,EMP0002
ORD80937,2020-12-29,930164721067,EMP0027
ORD20984,2023-05-02,843689462156,EMP0002
ORD32976,2018-04-11,919883665503,EMP0036
ORD45106,2022-10-22,456500426083,EMP0030
ORD13306,2018-03-08,342298701759,EMP0030
ORD75387,2026-06-20,673730823720,EMP0035
ORD16188,2023-07-29,978138194750,EMP0009
ORD58197,2019-05-07,70229266728,EMP0024
ORD69868,2021-11-18,263236339870,EMP0027
ORD82928,2024-10-29,750725088173,EMP0002
ORD73946,2024-08-09,800788044612,EMP0002
ORD94728,2024-08-30,603139109002,EMP0035
ORD40100,2020-01-07,777163017654,EMP0030
ORD85562,2022-03-24,593838282591,EMP0009
ORD36343,2024-01-02,155172764366,EMP0027
ORD80837,2024-08-16,914848523980,EMP0036
ORD13807,2026-06-23,154787918977,EMP0009
ORD78089,2021-08-27,545984240886,EMP0027
ORD25791,2020-05-06,546316504327,EMP0002
ORD14795,2021-07-02,304690864118,EMP0024
ORD58202,2024-09-29,154787918977,EMP0035
ORD17216,2019-11-19,78114384791,EMP0024
ORD12945,2023-11-22,141872162844,EMP0035
ORD39575,2019-05-12,70229266728,EMP0030
ORD88642,2022-06-20,415372821190,EMP0030
ORD94168,2025-06-24,445103299491,EMP0002
ORD42085,2020-12-12,66759784695,EMP0024
ORD45853,2018-01-13,306574422850,EMP0036
ORD92791,2022-11-23,662055187144,EMP0036
ORD19577,2019-05-10,232607411589,EMP0036
ORD48573,2026-05-04,583844134809,EMP0008
ORD62743,2023-04-25,362024165865,EMP0030
ORD29893,2019-09-28,762420563812,EMP0036
ORD31075,2020-05-14,459907166013,EMP0035
ORD18847,2019-12-17,237827170558,EMP0024
ORD22424,2019-03-14,811443258717,EMP0030
ORD72544,2021-12-14,559102980964,EMP0030
ORD48968,2023-04-07,436142717167,EMP0024
ORD69313,2017-10-11,146815846589,EMP0030
ORD92625,2021-10-18,549144072161,EMP0035
ORD60074,2018-10-02,356163430186,EMP0002
ORD47358,2018-12-03,762420563812,EMP0030
ORD85935,2023-03-07,879287674635,EMP0008
ORD21209,2018-12-14,975680393468,EMP0002
ORD40801,2018-08-10,935958659210,EMP0036
ORD52978,2024-12-14,86842533292,EMP0030
ORD84684,2019-07-26,800678428108,EMP0009
ORD99154,2022-02-14,3584011589,EMP0035
ORD29341,2020-07-19,91755866571,EMP0002
ORD91388,2018-09-29,800678428108,EMP0002
ORD78031,2022-09-24,48314975003,EMP0027
ORD26049,2018-02-24,677559424424,EMP0024
ORD88237,2024-10-19,110745814868,EMP0027
ORD99539,2020-01-11,70229266728,EMP0009
ORD56719,2018-10-07,963400488960,EMP0009
ORD21088,2017-04-03,919733842438,EMP0002
ORD35892,2022-05-21,360714549587,EMP0036
ORD55040,2022-02-27,497361659279,EMP0035
ORD43867,2021-03-03,371779725746,EMP0002
ORD13055,2019-04-17,971402127239,EMP0030
ORD26700,2024-11-07,639152686688,EMP0030
ORD48341,2021-10-03,458441202978,EMP0036
ORD41218,2019-10-28,3584011589,EMP0009
ORD97035,2024-04-03,467842582157,EMP0036
ORD84441,2021-02-05,124446040845,EMP0009
ORD20834,2023-01-23,347100112479,EMP0024
ORD94307,2020-02-27,332605771100,EMP0027
ORD35337,2019-03-16,521019671572,EMP0030
ORD15668,2018-01-05,23381111243,EMP0002
ORD18367,2021-03-10,804122389846,EMP0009
ORD89432,2026-06-11,751461939823,EMP0027
ORD75994,2022-11-07,315327351876,EMP0002
ORD14154,2025-07-22,204818027410,EMP0024
ORD20375,2022-09-24,542102823029,EMP0035
ORD60512,2024-05-28,314154307677,EMP0036
ORD79095,2019-02-21,313544626037,EMP0009
ORD13464,2020-03-04,676950316839,EMP0027
ORD70027,2024-09-30,362024165865,EMP0036
ORD71579,2023-01-31,272240852670,EMP0035
ORD84274,2025-08-21,168079916259,EMP0009
ORD79949,2022-06-09,949490549348,EMP0008
ORD93431,2024-11-14,168079916259,EMP0030
ORD96452,2026-05-24,113078212232,EMP0030
ORD31654,2025-06-10,519385673337,EMP0027
ORD34680,2021-10-01,359104406393,EMP0030
ORD81420,2023-07-23,306935616408,EMP0036
ORD78060,2018-10-19,554579122919,EMP0036
ORD18659,2021-10-08,177138166878,EMP0030
ORD11636,2020-07-31,800678428108,EMP0036
ORD28920,2019-02-22,691017045856,EMP0036
ORD82042,2024-04-09,286909472978,EMP0030
ORD13342,2023-03-21,167738102512,EMP0008
ORD91003,2020-12-25,746515120487,EMP0009
ORD39914,2024-05-21,556084287436,EMP0036
ORD68615,2023-10-03,264787248433,EMP0002
ORD86963,2019-02-24,49477414641,EMP0036
ORD49848,2026-06-15,746515120487,EMP0024
ORD31282,2021-03-25,615871137121,EMP0009
ORD96062,2025-03-27,407292501370,EMP0009
ORD24684,2018-10-06,204415179767,EMP0009
ORD49664,2022-10-03,465024904817,EMP0024
ORD97985,2018-12-12,661096661171,EMP0024
ORD76651,2024-12-28,768492886702,EMP0024
ORD42201,2018-05-10,184972349276,EMP0024
ORD37674,2025-06-03,85340365784,EMP0027
ORD63262,2019-10-04,678866766155,EMP0030
ORD94313,2023-01-19,628824705347,EMP0035
ORD88317,2026-03-12,342298701759,EMP0002
ORD26527,2018-06-28,445103299491,EMP0030
ORD89634,2023-01-25,584536131779,EMP0024
ORD27515,2020-11-26,167738102512,EMP0035
ORD66078,2017-10-24,363048548271,EMP0036
ORD47169,2022-01-07,406075145672,EMP0009
ORD28083,2017-07-07,44932092345,EMP0036
ORD12286,2018-11-18,407292501370,EMP0009
ORD35249,2019-09-18,556084287436,EMP0002
ORD45652,2017-08-31,94714117637,EMP0002
ORD19764,2023-12-02,328731196187,EMP0030
ORD31591,2023-01-04,475289864606,EMP0036
ORD37056,2020-11-21,765645226936,EMP0002
ORD86527,2022-09-02,564512078787,EMP0030
ORD62108,2023-10-07,998370370319,EMP0030
ORD91655,2023-01-04,121147046164,EMP0024
ORD59767,2021-12-01,189159244325,EMP0027
ORD81713,2017-06-22,400707250732,EMP0030
ORD95729,2021-10-28,142898293983,EMP0024
ORD32036,2018-12-20,380511492428,EMP0036
ORD54377,2023-09-18,800678428108,EMP0024
ORD53456,2022-04-12,639464282012,EMP0002
ORD30221,2019-05-14,572304301150,EMP0036
ORD73982,2018-01-06,264787248433,EMP0002
ORD21603,2022-09-10,682827105211,EMP0027
ORD40857,2024-12-16,750725088173,EMP0024
ORD57773,2021-07-27,331756912151,EMP0027
ORD94897,2019-11-29,639464282012,EMP0009
ORD92859,2021-12-20,360714549587,EMP0035
ORD70109,2020-10-04,749871599296,EMP0036
ORD23123,2021-07-20,235897564129,EMP0002
ORD51280,2019-05-08,615871137121,EMP0024
ORD37790,2022-10-22,520741049297,EMP0030
ORD47518,2017-11-01,204818027410,EMP0002
ORD62065,2021-07-05,359104406393,EMP0024
ORD71818,2025-08-16,371779725746,EMP0027
ORD32074,2020-07-28,825439150804,EMP0009
ORD24495,2021-07-03,54184658110,EMP0027
ORD38920,2024-11-08,90136895966,EMP0009
ORD61216,2021-10-26,254042989684,EMP0002
ORD94987,2022-07-24,485991156755,EMP0024
ORD17406,2026-07-29,235897564129,EMP0008
ORD89977,2017-10-28,785932624340,EMP0009
ORD24556,2022-07-21,48314975003,EMP0008
ORD72766,2026-06-24,562264642657,EMP0035
ORD33538,2025-04-20,746515120487,EMP0009
ORD76393,2023-06-14,765645226936,EMP0008
ORD65088,2025-11-06,232607411589,EMP0008
ORD70799,2017-12-26,545984240886,EMP0002
ORD30701,2021-09-08,3584011589,EMP0027
ORD37368,2017-08-12,46679746837,EMP0009
ORD31280,2024-04-06,811443258717,EMP0035
ORD19775,2023-02-26,780296107308,EMP0035
ORD63634,2023-04-03,225235000304,EMP0024
ORD81484,2023-11-20,48988024788,EMP0027
ORD44942,2023-12-27,545984240886,EMP0030
ORD71301,2020-12-12,904400534988,EMP0024
ORD11383,2022-03-03,3584011589,EMP0009
ORD35424,2025-08-21,85340365784,EMP0002
ORD19786,2022-04-24,32852049515,EMP0024
ORD43538,2026-03-31,241564918006,EMP0002
ORD65079,2021-11-15,812642727893,EMP0030
ORD26001,2017-02-24,765645226936,EMP0002
ORD93481,2024-07-01,800678428108,EMP0024
ORD99077,2024-09-07,362024165865,EMP0035
ORD86661,2021-12-13,627393821522,EMP0030
ORD52112,2024-08-26,970106814819,EMP0030
ORD49784,2020-02-03,77173542465,EMP0030
ORD33264,2020-12-08,224552599772,EMP0024
ORD24629,2019-02-28,963400488960,EMP0030
ORD88560,2023-02-01,19196356226,EMP0008
ORD44397,2022-10-20,492419798922,EMP0035
ORD75887,2020-02-16,647181699447,EMP0030
ORD77388,2020-07-25,28514672008,EMP0024
ORD83433,2024-04-11,539780235819,EMP0027
ORD21160,2024-02-02,937793021783,EMP0030
ORD48985,2024-10-10,762420563812,EMP0030
ORD65435,2020-08-18,546316504327,EMP0035
ORD59933,2022-05-30,168079916259,EMP0036
ORD57230,2025-06-11,77173542465,EMP0027
ORD25124,2017-03-12,883767955485,EMP0024
ORD10608,2021-10-08,363048548271,EMP0002
ORD36803,2025-02-04,561072850211,EMP0035
ORD27020,2022-12-01,311743034775,EMP0027
ORD40723,2021-02-09,78114384791,EMP0036
ORD44346,2021-04-19,268104525924,EMP0027
ORD31583,2025-04-10,574176966528,EMP0009
ORD21594,2017-10-20,356674331525,EMP0036
ORD80725,2022-07-17,998370370319,EMP0027
ORD82813,2021-11-17,877762208143,EMP0030
ORD64916,2022-03-09,755254948943,EMP0009
ORD21804,2023-01-17,53808051844,EMP0036
ORD61416,2018-06-29,963075021684,EMP0024
ORD24242,2021-04-21,812642727893,EMP0027
ORD25154,2018-01-01,554579122919,EMP0002
ORD10624,2022-08-03,362024165865,EMP0024
ORD79350,2022-01-26,884892785703,EMP0035
ORD82678,2024-05-18,225235000304,EMP0024
ORD10889,2021-07-19,755254948943,EMP0024
ORD39499,2022-05-15,529286339256,EMP0024
ORD34369,2023-09-10,367431611517,EMP0009
ORD67622,2019-07-27,355128146546,EMP0036
ORD66336,2025-06-28,784620368993,EMP0030
ORD29333,2024-04-22,342778710662,EMP0002
ORD66184,2018-05-03,150118786987,EMP0024
ORD17336,2017-12-29,233888433191,EMP0002
ORD90495,2024-01-14,232607411589,EMP0024
ORD87342,2017-03-12,124446040845,EMP0030
ORD67387,2019-09-19,662055187144,EMP0036
ORD36657,2017-02-12,48988024788,EMP0024
ORD18686,2026-02-27,876413102882,EMP0027
ORD39194,2024-04-11,94714117637,EMP0027
ORD88932,2023-08-11,101720735178,EMP0008
ORD55117,2026-04-11,490649538773,EMP0030
ORD68131,2018-01-01,691017045856,EMP0009
ORD92585,2025-05-02,494679130766,EMP0009
ORD79606,2019-06-08,825486039156,EMP0024
ORD40519,2023-11-13,85340365784,EMP0035
ORD11665,2020-12-07,310911503944,EMP0024
ORD30904,2024-04-25,677559424424,EMP0009
