product_id,warehouse_id,stock_quantity
PROD0001,WH002,120
PROD0002,WH001,45
PROD0003,WH001,15
PROD0004,WH003,60
PROD0005,WH001,85
PROD0006,WH002,40
PROD0007,WH003,35
PROD0008,WH003,25
PROD0009,WH001,10
PROD0010,WH003,45
PROD0011,WH001,50
PROD0012,WH003,75
PROD0013,WH001,90
PROD0014,WH002,28
PROD0015,WH001,300
PROD0016,WH001,40
PROD0017,WH001,110
PROD0018,WH001,150
PROD0019,WH001,14
PROD0020,WH003,55
PROD0021,WH002,20
PROD0022,WH002,65
PROD0023,WH003,200
PROD0024,WH003,350
PROD0025,WH003,12
PROD0026,WH003,30
PROD0027,WH003,22
PROD0028,WH001,45
PROD0029,WH002,400
PROD0030,WH003,55
PROD0031,WH003,30
PROD0032,WH002,25
PROD0033,WH001,70
PROD0034,WH003,40
PROD0035,WH002,65
PROD0036,WH002,120
PROD0037,WH001,180
PROD0038,WH001,220
PROD0039,WH002,8
PROD0040,WH001,140
PROD0041,WH003,100
PROD0042,WH002,80
PROD0043,WH002,95
PROD0044,WH001,150
PROD0045,WH002,500
PROD0046,WH001,600
PROD0047,WH003,85
PROD0048,WH002,40
PROD0049,WH001,350
PROD0050,WH003,280
PROD0051,WH003,38
PROD0052,WH002,14
PROD0053,WH001,20
PROD0054,WH001,18
PROD0055,WH003,25
PROD0056,WH002,15
PROD0057,WH001,160
PROD0058,WH001,90
PROD0059,WH003,22
PROD0060,WH002,35
PROD0061,WH003,8
PROD0062,WH001,55
PROD0063,WH001,130
PROD0064,WH003,40
PROD0065,WH003,30
PROD0066,WH001,12
PROD0067,WH003,25
PROD0068,WH003,15
PROD0069,WH001,80
PROD0070,WH003,95
PROD0071,WH001,150
PROD0072,WH002,180
PROD0073,WH002,160
PROD0074,WH002,90
PROD0075,WH001,125
PROD0076,WH003,170
PROD0077,WH002,400
PROD0078,WH002,350
PROD0079,WH003,140
PROD0080,WH002,210
PROD0081,WH003,110
PROD0082,WH001,85
PROD0083,WH001,60
PROD0084,WH001,75
PROD0085,WH001,45
PROD0086,WH002,30
PROD0087,WH003,20
PROD0088,WH002,65
PROD0089,WH001,140
PROD0090,WH003,15
PROD0091,WH001,24
PROD0092,WH001,55
PROD0093,WH001,90
PROD0094,WH003,180
PROD0095,WH001,35
PROD0096,WH001,14
PROD0097,WH001,80
PROD0098,WH003,210
PROD0099,WH001,28
PROD0100,WH002,18
PROD0101,WH002,85
PROD0102,WH002,300
PROD0103,WH003,20
PROD0104,WH002,32
PROD0105,WH003,40
PROD0106,WH003,18
PROD0107,WH001,15
PROD0108,WH002,100
PROD0109,WH002,65
PROD0110,WH003,70
PROD0111,WH002,140
PROD0112,WH003,95
PROD0113,WH002,80
PROD0114,WH001,50
PROD0115,WH003,120
PROD0116,WH001,250
PROD0117,WH003,85
PROD0118,WH002,75
PROD0119,WH002,110
PROD0120,WH003,85
PROD0121,WH003,40
PROD0122,WH003,400
PROD0123,WH001,150
PROD0124,WH003,25
PROD0125,WH003,30
PROD0126,WH001,80
PROD0127,WH001,180
PROD0128,WH003,300
PROD0129,WH003,150
PROD0130,WH002,280
PROD0131,WH001,260
PROD0132,WH001,130
PROD0133,WH003,140
PROD0134,WH002,90
PROD0135,WH003,170
PROD0136,WH002,240
PROD0137,WH001,160
PROD0138,WH002,200
PROD0139,WH002,75
PROD0140,WH002,180
PROD0141,WH003,60
PROD0142,WH002,85
PROD0143,WH001,140
PROD0144,WH003,50
PROD0145,WH002,220
PROD0146,WH001,190
PROD0147,WH002,40
PROD0148,WH003,65
PROD0149,WH003,110
PROD0150,WH001,50
