customer_id;first_name;last_name;date_of_birth;email_address;phone_number
328731196187;John;Lee;2003-05-18;johnlee@yahoo.com;03209734929
264787248433;Carl;Nelson;1996-01-31;carlnelson@outlook.com;07933979700
027670393532;Cassidy;Ferrell;2008-04-17;cassidyferrell@outlook.com;08600120390
475289864606;Nicole;Alvarez;1964-05-20;nicolealvarez@gmail.com;03379584329
754695802064;John;Matthews;1978-06-23;johnmatthews@gmail.com;08558447096
520741049297;Christopher;Garcia;1967-06-05;christophergarcia@yahoo.com;09870011987
729418870351;Holly;Norris;1984-12-27;hollynorris@outlook.com;09639735485
684292465497;Danielle;Peterson;1986-08-22;daniellepeterson@yahoo.com;06787486102
095968902156;Jose;Hernandez;1999-11-24;josehernandez@outlook.com;01576089313
254042989684;Melanie;Parker;1944-12-30;melanieparker@outlook.com;08465537689
762420563812;Brian;Hernandez;1942-06-16;brianhernandez@gmail.com;09414274524
315492436353;Sarah;Huff;1947-02-11;sarahhuff@outlook.com;07857877255
484903192967;Joan;Sullivan;1973-04-29;joansullivan@outlook.com;03562363927
174785770193;Marissa;Rodriguez;1991-08-24;marissarodriguez@outlook.com;06134896827
529985913965;Julia;Smith;2002-07-09;juliasmith@gmail.com;08615702858
914848523980;Jose;Dunn;1995-08-12;josedunn@outlook.com;07627625693
091020824203;Meagan;Rich;1959-12-26;meaganrich@outlook.com;03666638569
545984240886;Christopher;Morales;2007-02-21;christophermorales@yahoo.com;03043225476
094714117637;Monica;Haney;1995-08-27;monicahaney@yahoo.com;06702180862
654117291365;Melissa;Gonzalez;1979-10-30;melissagonzalez@gmail.com;01590410032
768459423230;Mary;Mclean;1983-02-15;marymclean@outlook.com;06665485493
293959315206;James;Watson;1996-07-04;jameswatson@gmail.com;03885429945
281028348345;Amber;Mack;1972-05-19;ambermack@yahoo.com;04443227413
904400534988;Marie;Wilson;1959-05-18;mariewilson@outlook.com;05028744605
054184658110;Susan;Baldwin;1975-12-16;susanbaldwin@yahoo.com;00176337287
178124085312;Valerie;Higgins;1999-08-06;valeriehiggins@gmail.com;08202518169
249272759680;Susan;Obrien;2001-02-26;susanobrien@gmail.com;04229013846
168079916259;Stephanie;Walls;1979-05-19;stephaniewalls@outlook.com;08597624278
240219325300;Russell;Gonzalez;1981-02-01;russellgonzalez@gmail.com;09847925277
436142717167;Rebecca;Leon;2004-02-18;rebeccaleon@yahoo.com;07364192641
572304301150;Katelyn;Glass;1996-04-19;katelynglass@gmail.com;03762213337
225235000304;Derek;Johnson;1971-06-25;derekjohnson@outlook.com;02085240691
791395526148;William;Ford;1978-12-23;williamford@outlook.com;02384058667
445103299491;Samuel;Smith;1994-01-14;samuelsmith@gmail.com;08949835635
746515120487;Amy;Cole;2002-07-05;amycole@yahoo.com;02002998569
749871599296;Michael;Livingston;1974-11-13;michaellivingston@yahoo.com;08065941965
423660618036;Carolyn;Nguyen;1953-08-06;carolynnguyen@yahoo.com;05195346599
243793091515;Jonathon;Harrison;1952-12-20;jonathonharrison@gmail.com;02696219372
639464282012;Ricky;Smith;1965-06-12;rickysmith@gmail.com;08273650929
159926405698;Sean;Brown;2006-11-15;seanbrown@outlook.com;09451231240
007786301982;Megan;Moore;1948-07-31;meganmoore@yahoo.com;02628257888
184972349276;Dawn;Summers;1985-06-07;dawnsummers@yahoo.com;04400057257
615871137121;Brandi;Armstrong;1976-07-05;brandiarmstrong@outlook.com;03934426823
356163430186;Ricky;Vincent;1997-05-04;rickyvincent@gmail.com;02587251144
974695785559;Julia;Garrett;1978-11-05;juliagarrett@yahoo.com;04898777465
406075145672;Laura;Osborn;1942-04-16;lauraosborn@gmail.com;06183494826
189159244325;Angela;Davis;1940-12-16;angeladavis@outlook.com;08413531602
768492886702;Marissa;Jackson;1990-08-09;marissajackson@gmail.com;05030498507
272240852670;Christina;Davies;1950-02-26;christinadavies@yahoo.com;09326569903
155172764366;Andrew;Berry;1995-06-12;andrewberry@gmail.com;01081374646
546033025011;Amanda;Hayes;2007-11-07;amandahayes@outlook.com;03688098820
838190777678;Kristi;Jones;2004-05-06;kristijones@outlook.com;00077751053
049477414641;Jennifer;Bennett;1998-08-10;jenniferbennett@outlook.com;04746845632
564512078787;Omar;Sanchez;1996-10-16;omarsanchez@yahoo.com;04279136302
865602991641;Jared;Pruitt;1973-08-07;jaredpruitt@yahoo.com;07973151367
811443258717;Michael;Welch;1983-12-13;michaelwelch@outlook.com;09215346724
647181699447;Richard;Keith;1958-05-15;richardkeith@yahoo.com;06942300167
549144072161;Michelle;Edwards;1998-11-20;michelleedwards@outlook.com;04564125382
144213551511;Lisa;White;2000-03-06;lisawhite@outlook.com;02866742487
401152985121;Derek;Bailey;1988-01-11;derekbailey@yahoo.com;00749700174
919883665503;James;Stevens;1970-03-13;jamesstevens@gmail.com;02216765765
175590070462;Timothy;Henderson;1943-02-27;timothyhenderson@outlook.com;05463146491
263236339870;Daniel;Davenport;1964-06-21;danieldavenport@outlook.com;03136713360
529286339256;Kristine;Curry;1968-09-09;kristinecurry@outlook.com;07687194574
804122389846;Sarah;Johnson;1977-02-26;sarahjohnson@yahoo.com;05820939940
067108848660;Yvette;Greene;2003-03-29;yvettegreene@outlook.com;01438704173
091755866571;Kimberly;Vasquez;1993-06-20;kimberlyvasquez@yahoo.com;06019569511
453610435273;Denise;Burgess;1992-07-07;deniseburgess@yahoo.com;05138744284
478493228159;Deborah;Crawford;2004-05-22;deborahcrawford@gmail.com;01059162505
313544626037;Benjamin;Jennings;1953-05-18;benjaminjennings@yahoo.com;05717975388
239398013241;Edwin;Goodman;1952-05-24;edwingoodman@outlook.com;01227483422
559102980964;Jo;Santiago;1965-10-11;josantiago@outlook.com;05730455509
865662827739;Robert;Henderson;1976-03-07;roberthenderson@gmail.com;03579919236
063690491991;Michele;Rubio;1976-07-30;michelerubio@outlook.com;02961931545
359104406393;Stephanie;Nunez;1981-12-24;stephanienunez@gmail.com;08338411990
674537828289;Eugene;Underwood;1980-06-02;eugeneunderwood@gmail.com;05586371775
679168023328;Michael;Hall;1957-06-24;michaelhall@gmail.com;03896432398
603139109002;Marisa;Dudley;1956-09-11;marisadudley@gmail.com;09322619173
114298920773;Anthony;Perry;1983-04-21;anthonyperry@outlook.com;06327460809
751461939823;Amy;Wyatt;1994-02-18;amywyatt@outlook.com;08763603945
078114384791;Shannon;Johnson;2006-04-29;shannonjohnson@yahoo.com;00895443691
458441202978;Ashley;Hendricks;1970-08-26;ashleyhendricks@outlook.com;01636354651
485991156755;Angela;Daniels;1967-02-09;angeladaniels@outlook.com;00292929246
233888433191;Jane;Daugherty;1944-08-21;janedaugherty@outlook.com;08449011038
015397054943;Alicia;Collins;1967-04-12;aliciacollins@gmail.com;02100438065
115057566047;Stephanie;Jackson;2002-06-04;stephaniejackson@gmail.com;08501576509
090136895966;Robert;Wyatt;1942-12-27;robertwyatt@outlook.com;07781146297
291100307047;Linda;Ruiz;1972-02-26;lindaruiz@yahoo.com;00870035475
542102823029;Kayla;Frey;1940-10-30;kaylafrey@yahoo.com;04536770221
593838282591;Jeremy;Fischer;2001-08-12;jeremyfischer@outlook.com;07788483688
971613640043;Christine;Wells;1961-12-06;christinewells@outlook.com;09764518453
399088520398;Justin;Olson;1981-10-07;justinolson@gmail.com;01739122627
295581094702;Brandon;Jones;1998-03-01;brandonjones@gmail.com;02658851579
800678428108;Amy;Gallegos;1977-01-19;amygallegos@yahoo.com;08499836819
841315815090;Michael;Henry;1951-06-15;michaelhenry@outlook.com;09743887252
304690864118;James;Dennis;1969-06-19;jamesdennis@yahoo.com;01653805424
965446893369;Deborah;Davis;1990-09-28;deborahdavis@outlook.com;00240534248
930715419232;Diana;Tucker;1957-08-11;dianatucker@gmail.com;09702018200
634168706095;John;Stevenson;1983-09-15;johnstevenson@yahoo.com;05256805538
044932092345;Victor;Ibarra;1942-04-09;victoribarra@yahoo.com;00561837806
124446040845;Katrina;Smith;2000-12-29;katrinasmith@yahoo.com;03560625486
003584011589;Danielle;Johnson;1958-04-06;daniellejohnson@yahoo.com;04509091551
490649538773;Paula;Kim;2005-01-01;paulakim@outlook.com;04636551969
628824705347;Joshua;Ford;1953-10-04;joshuaford@gmail.com;05102546244
456500426083;Thomas;Hall;1946-02-03;thomashall@yahoo.com;00242089120
682827105211;Michelle;Johnson;1993-05-17;michellejohnson@gmail.com;02861369391
654668995403;Sally;Johnson;1952-06-01;sallyjohnson@outlook.com;04111322892
716558205883;Ashley;Gonzalez;1999-04-06;ashleygonzalez@outlook.com;02638063106
613305910991;Christine;King;1981-11-02;christineking@outlook.com;00307227935
367442791901;Troy;Haynes;1940-12-18;troyhaynes@yahoo.com;07135798662
356674331525;Christopher;Cole;1962-07-18;christophercole@outlook.com;04792232984
825486039156;Denise;Miller;1977-02-23;denisemiller@outlook.com;09716147289
066759784695;Kim;Brown;1986-02-21;kimbrown@gmail.com;07083960376
847222674221;Roy;Montoya;1952-03-20;roymontoya@outlook.com;03054437537
347100112479;Isaiah;Rodriguez;1943-11-20;isaiahrodriguez@yahoo.com;08208516870
363048548271;Chris;Robles;1988-08-23;chrisrobles@yahoo.com;08644216067
284700815733;Jay;Russell;1958-06-19;jayrussell@gmail.com;03399504991
100379595958;Christie;Bennett;2004-05-24;christiebennett@outlook.com;05456774543
556084287436;Crystal;Andrews;1963-12-03;crystalandrews@outlook.com;05285926789
635777671951;Valerie;Carpenter;1968-09-10;valeriecarpenter@outlook.com;04960321435
259665336546;Desiree;Edwards;1954-07-30;desireeedwards@gmail.com;01211842245
059553509834;Miranda;Lowe;1976-01-23;mirandalowe@outlook.com;09907082231
554579122919;Adam;Hall;1973-11-04;adamhall@gmail.com;06126949066
662115392698;Sandra;Neal;1944-02-19;sandraneal@yahoo.com;03890006542
629238018986;Miguel;Brooks;1944-04-05;miguelbrooks@gmail.com;09303073032
355128146546;Ashley;Reed;1984-08-13;ashleyreed@outlook.com;05769184723
755254948943;Amanda;Bowman;1948-07-11;amandabowman@gmail.com;07944092842
100966386844;Michael;Wolfe;1977-11-19;michaelwolfe@gmail.com;05547759777
305833566485;Jessica;Garner;1980-01-30;jessicagarner@outlook.com;03590583464
281242375815;Linda;Jimenez;1960-09-12;lindajimenez@yahoo.com;02617833934
226590187877;Danny;Marquez;2004-11-06;dannymarquez@outlook.com;02912998203
167738102512;David;Hubbard;1957-06-19;davidhubbard@outlook.com;04981855690
172758871551;Diane;Singleton;1985-08-16;dianesingleton@gmail.com;01273917542
100400621152;Raymond;Williams;1952-01-12;raymondwilliams@yahoo.com;08006379295
602413907969;Eileen;Hatfield;2003-10-01;eileenhatfield@gmail.com;02731915241
389075974508;Nathan;Williams;2005-11-14;nathanwilliams@yahoo.com;03350320560
050826345074;Kevin;Marshall;1963-01-01;kevinmarshall@gmail.com;07130476155
092530020580;Kimberly;Ayala;1968-05-17;kimberlyayala@outlook.com;04920167373
113078212232;Patrick;Hudson;1977-07-27;patrickhudson@yahoo.com;07930298582
487063067786;Elizabeth;Jenkins;1947-06-05;elizabethjenkins@gmail.com;04122696473
224552599772;Robyn;Porter;1993-07-07;robynporter@outlook.com;08183267037
812865478588;Steven;Simmons;1982-05-26;stevensimmons@outlook.com;07820284969
069626469890;Denise;Poole;1997-07-31;denisepoole@gmail.com;02774297486
574176966528;Kathleen;Walker;1976-07-09;kathleenwalker@outlook.com;04559646129
661096661171;Christina;Hurst;1974-02-28;christinahurst@yahoo.com;06024773555
310911503944;Jaime;Martin;1991-10-27;jaimemartin@gmail.com;07403011764
919733842438;Mary;Williams;1978-09-22;marywilliams@yahoo.com;00210240033
268104525924;Christopher;King;2002-10-22;christopherking@yahoo.com;04637220753
937603796445;Toni;Morrison;1965-08-16;tonimorrison@gmail.com;08791178384
643306844991;Michele;Rush;1958-08-19;michelerush@gmail.com;04383105281
963400488960;Victoria;Smith;1992-08-09;victoriasmith@yahoo.com;01380724803
204818027410;Lauren;Cabrera;1968-11-29;laurencabrera@outlook.com;05303481387
023381111243;Sherry;Montoya;1968-08-26;sherrymontoya@outlook.com;05378898475
106828463082;Roberto;Rogers;1980-07-22;robertorogers@yahoo.com;08399604520
786416628243;Raven;Robinson;2005-05-27;ravenrobinson@yahoo.com;08638311749
492419798922;Anthony;Stone;1960-02-28;anthonystone@outlook.com;06010905442
794876417626;Margaret;Nash;1966-04-18;margaretnash@yahoo.com;06640954935
362172557723;Pamela;Key;1971-12-09;pamelakey@yahoo.com;03253301789
601330503464;Donna;Estrada;1943-03-26;donnaestrada@gmail.com;01132989058
296855591017;Gregory;Cooke;1994-05-05;gregorycooke@outlook.com;05056941545
784774059431;Jessica;Phillips;1942-07-01;jessicaphillips@yahoo.com;08442014098
989563764163;Sophia;Patterson;1995-11-29;sophiapatterson@gmail.com;08587990512
400707250732;Patrick;Gilmore;1974-06-23;patrickgilmore@outlook.com;04698886874
377390351480;Jonathan;Gordon;1986-11-15;jonathangordon@outlook.com;07037001125
975680393468;Mary;Miles;1968-11-14;marymiles@yahoo.com;01923155522
342181973989;Tina;Villarreal;1958-08-15;tinavillarreal@outlook.com;03196672826
677559424424;David;Reyes;1950-07-07;davidreyes@yahoo.com;08996678703
360714549587;Lisa;Stevenson;1965-06-07;lisastevenson@gmail.com;07368831714
542563286881;Kevin;Hill;1980-05-01;kevinhill@yahoo.com;01298459806
304960460343;Margaret;Stafford;1965-03-22;margaretstafford@outlook.com;07074424287
180742338050;Daniel;Chambers;1982-09-03;danielchambers@outlook.com;06277531627
877762208143;Julie;Baird;1960-08-30;juliebaird@gmail.com;01700628975
519385673337;Tricia;Allen;1978-08-07;triciaallen@yahoo.com;03873577897
628437882651;Luis;Lewis;2005-01-03;luislewis@gmail.com;08315333380
843689462156;Shawn;Moore;1984-01-28;shawnmoore@yahoo.com;07548014906
319297231833;Maria;Wilson;2006-06-01;mariawilson@yahoo.com;05739230917
539375279033;Matthew;Hernandez;1969-03-17;matthewhernandez@gmail.com;00799559583
971402127239;Brittany;Erickson;1942-04-12;brittanyerickson@yahoo.com;02039152456
053808051844;Candace;Hunter;1976-03-26;candacehunter@outlook.com;05638930715
234142343207;Crystal;Marshall;1975-08-11;crystalmarshall@outlook.com;02221478455
670039079567;Ernest;Booker;1955-01-21;ernestbooker@outlook.com;05720371679
506780106338;Stacy;Jackson;2003-05-18;stacyjackson@gmail.com;07891744696
876413102882;Phillip;Love;2008-06-01;philliplove@gmail.com;04670525884
584536131779;Sergio;Johnson;1945-08-16;sergiojohnson@gmail.com;03419098157
994389352314;Rebecca;Snyder;1941-12-15;rebeccasnyder@gmail.com;03502977762
505813253351;Colleen;Nelson;1973-06-06;colleennelson@yahoo.com;05145137832
785932624340;Kelsey;Martinez;1993-03-25;kelseymartinez@gmail.com;02435220723
332605771100;Ariel;Howard;1985-08-21;arielhoward@yahoo.com;02155180281
237827170558;Zachary;Olson;2006-09-12;zacharyolson@yahoo.com;07447415526
342778710662;Nicole;Johnson;1986-07-01;nicolejohnson@gmail.com;06085668888
668703442396;Patrick;Cain;1983-12-14;patrickcain@outlook.com;00472632041
691017045856;Greg;Kelly;1966-02-24;gregkelly@gmail.com;00135936519
467586391988;Jennifer;Simmons;1997-04-02;jennifersimmons@outlook.com;03023281655
367431611517;Stacey;Berry;1947-01-26;staceyberry@yahoo.com;09837997194
497361659279;Kayla;Johnson;1972-01-28;kaylajohnson@gmail.com;08591094332
467167055404;Sarah;Evans;1945-12-31;sarahevans@yahoo.com;03277292641
494679130766;Carlos;Mills;1967-04-02;carlosmills@yahoo.com;08059069536
141868539856;Joseph;Taylor;1942-08-15;josephtaylor@gmail.com;07522470589
882145706422;Erik;Martin;1999-09-06;erikmartin@yahoo.com;06391612576
201736639751;Stephanie;Martin;2001-02-28;stephaniemartin@outlook.com;03582785940
465024904817;Jeffery;Hunter;1942-04-18;jefferyhunter@gmail.com;06461651227
043033723243;James;Smith;1981-07-22;jamessmith@yahoo.com;08594394500
399308735289;Carlos;Ellis;1959-09-24;carlosellis@yahoo.com;05610820288
311743034775;John;Harris;1946-06-23;johnharris@outlook.com;06216820478
283624979334;Adam;Townsend;1961-06-24;adamtownsend@gmail.com;02886947979
770266247325;David;Howard;1964-11-26;davidhoward@yahoo.com;06514569853
812642727893;Robert;Tyler;1973-04-14;roberttyler@yahoo.com;05902371524
407312141891;James;Johnson;1959-09-13;jamesjohnson@yahoo.com;04763756095
854485510228;Paula;Berry;1947-07-27;paulaberry@outlook.com;06042876628
539780235819;Cathy;Benjamin;1943-08-31;cathybenjamin@yahoo.com;01766260555
070229266728;Maria;Guzman;1998-11-19;mariaguzman@yahoo.com;00413147180
970106814819;Toni;Herrera;1974-08-05;toniherrera@gmail.com;03345392800
264669698729;Richard;Holmes;1948-11-06;richardholmes@yahoo.com;01569949341
085340365784;Kathleen;Morse;1947-07-28;kathleenmorse@gmail.com;09172186423
884892785703;Edward;Thomas;1959-12-23;edwardthomas@yahoo.com;09375812442
825439150804;Sharon;Bailey;2002-03-16;sharonbailey@gmail.com;06130609645
496336870267;Ashley;Allen;1997-06-02;ashleyallen@outlook.com;08667582639
028084668880;Brandon;Sanders;1987-03-03;brandonsanders@yahoo.com;01777943021
009984557441;Matthew;Williams;1972-03-09;matthewwilliams@yahoo.com;08476686349
154468591052;Michael;Allen;1994-10-28;michaelallen@gmail.com;03299353240
627393821522;Gwendolyn;Brown;1986-07-22;gwendolynbrown@yahoo.com;01381763610
963075021684;Carrie;Fritz;1948-03-30;carriefritz@yahoo.com;04316054830
073472015486;Ashley;Smith;1969-11-18;ashleysmith@yahoo.com;03363392119
142898293983;Natasha;Stevens;1963-04-13;natashastevens@gmail.com;04242740330
593813526091;Zachary;Campbell;1945-12-26;zacharycampbell@yahoo.com;04197754415
090042563052;Tanya;Lang;1966-01-18;tanyalang@outlook.com;07983048531
111637324117;Barbara;Vincent;1970-01-08;barbaravincent@yahoo.com;03679529118
154787918977;Sarah;Ware;1993-07-31;sarahware@outlook.com;09546418909
883767955485;Wendy;Murphy;1987-05-07;wendymurphy@yahoo.com;03585825701
136717837985;Kristina;Ortiz;1987-08-08;kristinaortiz@outlook.com;04008515567
121147046164;Nicole;Davis;2000-05-17;nicoledavis@outlook.com;00642704433
930164721067;James;Cline;1953-11-28;jamescline@gmail.com;06318941864
835036138256;Shannon;Edwards;1978-06-30;shannonedwards@gmail.com;00438336211
459907166013;Victor;Butler;1971-10-07;victorbutler@gmail.com;05030756479
820174865880;Michael;Estes;1940-12-29;michaelestes@gmail.com;07443304546
973406257397;Jose;Kennedy;1987-03-29;josekennedy@outlook.com;03756815044
110745814868;Nicole;Jones;1982-12-02;nicolejones@yahoo.com;05121987555
179283408763;Melissa;Nolan;2007-11-13;melissanolan@outlook.com;06974675374
380511492428;Marissa;Hall;1963-12-15;marissahall@yahoo.com;00283932564
948791889374;Monica;Graves;1976-03-23;monicagraves@gmail.com;07764739517
068390609813;William;Thompson;1945-06-06;williamthompson@yahoo.com;03803647140
108924480315;Samuel;Bailey;2000-05-05;samuelbailey@gmail.com;02567951492
995539938818;Joshua;Thomas;1994-08-21;joshuathomas@yahoo.com;06493241844
841435162725;Leah;Wolf;2000-02-24;leahwolf@outlook.com;08586546557
077173542465;Timothy;Moore;1975-08-26;timothymoore@gmail.com;00023748553
306574422850;Mitchell;Black;2007-10-20;mitchellblack@outlook.com;09263585102
562264642657;Katherine;Owens;1975-08-08;katherineowens@outlook.com;01833329531
728178961624;Katrina;Williams;1959-01-31;katrinawilliams@gmail.com;02582029349
306967349500;Sheila;Kirby;1973-06-05;sheilakirby@yahoo.com;08382402141
750725088173;Tyler;Patterson;2007-06-06;tylerpatterson@yahoo.com;09663748006
515544310748;Megan;Hines;1988-09-03;meganhines@outlook.com;05027246161
360499557366;Stephanie;Sherman;1975-01-04;stephaniesherman@outlook.com;04924729099
561072850211;Ryan;Wong;2007-03-06;ryanwong@outlook.com;03918683261
775461437156;Cole;Marshall;1955-04-04;colemarshall@outlook.com;06869629231
467842582157;Jeffrey;Stokes;1955-11-02;jeffreystokes@outlook.com;04884814051
241564918006;Mikayla;Washington;1991-06-25;mikaylawashington@outlook.com;09044116485
235897564129;David;Vazquez;1977-08-18;davidvazquez@gmail.com;07844335580
100493764974;John;Pineda;1992-09-06;johnpineda@outlook.com;03473464841
521019671572;Travis;Townsend;1973-07-16;travistownsend@gmail.com;03294602275
662055187144;Helen;Stephens;2003-11-28;helenstephens@outlook.com;06096025726
033431985698;Jason;Stewart;1969-07-31;jasonstewart@yahoo.com;01093256587
342298701759;Brittany;Adams;1979-12-19;brittanyadams@outlook.com;03746843829
935958659210;Jenna;Walker;1970-11-25;jennawalker@yahoo.com;04042534488
937793021783;Sherry;Mcclure;1966-06-10;sherrymcclure@gmail.com;03516690243
415372821190;Christina;Craig;1972-02-16;christinacraig@gmail.com;01666397911
780296107308;Alexa;Allen;1966-02-28;alexaallen@outlook.com;07738758504
897623808167;Kimberly;Allen;2007-10-14;kimberlyallen@outlook.com;00322820801
894964592764;Nancy;Rogers;1971-01-01;nancyrogers@outlook.com;05837861312
378341997844;Suzanne;Horne;1961-11-21;suzannehorne@yahoo.com;08094659365
367970005064;Stacy;Owens;2001-07-15;stacyowens@gmail.com;07715960913
777163017654;Tanya;Rowe;1965-06-30;tanyarowe@outlook.com;01786618911
673730823720;Darryl;Lawson;1961-03-23;darryllawson@outlook.com;02494966365
232607411589;Tara;Thompson;1952-08-30;tarathompson@yahoo.com;06711757514
362024165865;Christopher;Thomas;1997-01-25;christopherthomas@yahoo.com;09373886278
744928504106;Kristen;Erickson;1967-05-25;kristenerickson@gmail.com;04139407866
331756912151;Jennifer;Harris;1982-03-20;jenniferharris@gmail.com;04937855939
306935616408;Chad;Tran;1958-10-20;chadtran@outlook.com;06407347274
765645226936;Karen;Navarro;1983-01-23;karennavarro@yahoo.com;06275230750
315327351876;Edward;Myers;1955-03-27;edwardmyers@gmail.com;03437762386
014672226083;Robert;Baker;1985-11-06;robertbaker@gmail.com;02633632026
583844134809;Brian;Villanueva;1966-12-24;brianvillanueva@outlook.com;07749526996
048988024788;Katie;Brady;1966-12-24;katiebrady@gmail.com;04190795401
310190706270;David;Young;2000-09-11;davidyoung@yahoo.com;06191326956
032852049515;Patricia;Hodges;1992-12-11;patriciahodges@outlook.com;04847166314
719143000131;Lauren;Vang;1990-10-21;laurenvang@yahoo.com;08686491495
297912737108;Theresa;Wilcox;1970-10-12;theresawilcox@yahoo.com;02693787396
353950730808;Clarence;Thompson;1982-02-28;clarencethompson@outlook.com;04295811390
755898644412;Logan;Ryan;1985-01-11;loganryan@gmail.com;02196120772
017107284773;Gregory;Zavala;2004-01-02;gregoryzavala@yahoo.com;02437667437
605702562363;Christie;Brown;1982-11-14;christiebrown@gmail.com;08226170673
793675662209;Rebecca;Beard;1976-09-30;rebeccabeard@gmail.com;00099218765
515532308005;Jeffrey;Harrell;1972-11-15;jeffreyharrell@gmail.com;07257186487
855610891215;Elizabeth;Robinson;1977-09-05;elizabethrobinson@outlook.com;02410910876
196532885715;Jason;Richardson;2007-11-14;jasonrichardson@outlook.com;09258044014
371057931290;Gloria;Harrison;1994-06-05;gloriaharrison@outlook.com;04560287277
371779725746;Grace;Bradley;2004-09-16;gracebradley@outlook.com;09945039330
383295295480;Angela;Hughes;1982-03-07;angelahughes@gmail.com;04003729801
286909472978;Jennifer;Silva;2004-02-06;jennifersilva@outlook.com;09196508723
676950316839;Robert;Rice;1997-12-26;robertrice@yahoo.com;09647401295
048314975003;Dominique;Fleming;1948-03-19;dominiquefleming@yahoo.com;01575216496
028514672008;Felicia;Fischer;1976-12-10;feliciafischer@gmail.com;06098952352
893073206097;Alexandria;Hopkins;1985-05-05;alexandriahopkins@yahoo.com;08606054314
590348052106;Jessica;Lowe;2001-02-23;jessicalowe@gmail.com;08821177533
595575388584;Jasmine;Chavez;1956-05-31;jasminechavez@outlook.com;00085772302
146815846589;James;Lowe;1953-05-25;jameslowe@outlook.com;01926485754
086842533292;Regina;Wilson;1948-01-30;reginawilson@outlook.com;06603342289
784620368993;Colleen;Flores;1954-12-19;colleenflores@gmail.com;00190914243
310686039415;Kimberly;Kaiser;1973-10-09;kimberlykaiser@gmail.com;03425617839
177138166878;Teresa;Boone;1944-01-26;teresaboone@gmail.com;00125864946
181089816253;Sarah;Baker;1964-06-23;sarahbaker@outlook.com;02122404508
464745684263;Heather;Ellison;1943-11-30;heatherellison@outlook.com;02085358696
978138194750;Cindy;Curry;1999-03-17;cindycurry@yahoo.com;02091955787
800788044612;April;Werner;1951-03-21;aprilwerner@gmail.com;08190846139
801528982316;Nicholas;Stevens;1997-11-22;nicholasstevens@yahoo.com;00798327058
672833613676;Frances;Carrillo;1965-10-13;francescarrillo@yahoo.com;02371345163
106689707156;Daniel;Bailey;1960-04-05;danielbailey@gmail.com;07149030873
204415179767;Devin;Foley;1978-03-06;devinfoley@gmail.com;05830423499
546316504327;Anne;Baker;2005-06-20;annebaker@gmail.com;06809381590
784663949484;Shannon;Evans;1962-02-09;shannonevans@yahoo.com;07970195174
046679746837;Jane;Vincent;1948-09-26;janevincent@gmail.com;04205463322
966199416754;Rodney;Davis;1973-03-18;rodneydavis@gmail.com;02369700814
890642534184;Patricia;Anderson;1973-03-07;patriciaanderson@yahoo.com;06181919184
471082498153;Andrea;Matthews;1957-07-18;andreamatthews@outlook.com;00392406092
879287674635;Dana;Miller;1958-12-22;danamiller@yahoo.com;04431294067
342581811949;Richard;Gomez;2006-08-07;richardgomez@outlook.com;02115390598
065408985498;Charles;Wood;1999-02-12;charleswood@outlook.com;03917451827
192379159018;Tammy;Stephens;1948-07-14;tammystephens@yahoo.com;02018778116
678866766155;Penny;Hammond;1964-03-08;pennyhammond@outlook.com;09566057782
768969035446;James;Lin;1994-08-31;jameslin@yahoo.com;02164744973
314154307677;Nathan;Owens;1968-09-01;nathanowens@gmail.com;06958458811
489259584416;Leslie;Jones;1961-10-25;lesliejones@gmail.com;09792737980
141872162844;Derek;Ingram;1991-09-21;derekingram@yahoo.com;05887991484
019196356226;Brianna;Sandoval;1965-04-07;briannasandoval@gmail.com;06992271017
588108270500;Erica;Miller;1951-06-01;ericamiller@yahoo.com;09174112527
855812455518;Jenny;Juarez;1958-09-24;jennyjuarez@yahoo.com;04721807857
629212230242;Louis;Wong;1986-11-12;louiswong@outlook.com;09351152703
048665908085;Lori;Foster;1993-11-22;lorifoster@gmail.com;09075492978
101720735178;James;Kirby;1960-01-30;jameskirby@gmail.com;06683470345
998370370319;Ashley;Rocha;2004-07-15;ashleyrocha@yahoo.com;04146318390
610724761677;Luke;Herrera;1964-01-13;lukeherrera@outlook.com;01430776528
150118786987;Michael;Flores;1993-03-09;michaelflores@yahoo.com;08288255166
099611393116;Tonya;Whitaker;1975-08-24;tonyawhitaker@gmail.com;03417870316
140235436133;Kimberly;Green;1963-06-11;kimberlygreen@yahoo.com;01029246403
407292501370;Tina;Garcia;1996-02-14;tinagarcia@yahoo.com;00447029172
304693096389;Thomas;Gutierrez;1968-05-22;thomasgutierrez@outlook.com;01135716618
368110424070;Daniel;Mcgrath;1991-02-15;danielmcgrath@gmail.com;00209414427
639152686688;David;Jennings;1994-10-26;davidjennings@yahoo.com;08572673473
241455917276;Danielle;Wilson;1957-08-17;daniellewilson@gmail.com;07979383385
703248568211;Paul;Bowman;1955-03-21;paulbowman@yahoo.com;06034145533
765536287875;Melissa;Watson;1943-03-13;melissawatson@outlook.com;06804757155
292370077634;Andre;Weber;1953-11-03;andreweber@yahoo.com;06822140086
949490549348;Frederick;Wright;2000-07-18;frederickwright@yahoo.com;05987394418
