employee_id;last_name;first_name;date_of_birth;hire_date;department_id;salary
1;Keller;Rebekah;1957-03-11;2020-10-25;2;600000
2;Acosta;Heather;1998-03-12;2009-02-18;4;880000
3;Hall;Brianna;2005-06-14;2022-10-27;6;770000
4;Williams;Kathy;1987-02-28;2011-01-02;2;870000
5;Parks;Elizabeth;1969-09-07;2022-09-19;1;450000
6;Henderson;Christopher;1971-06-22;2010-06-22;5;570000
7;Newton;Roger;1990-08-25;2007-10-28;6;750000
8;Morrison;David;1959-08-01;2022-03-05;4;620000
9;Hunter;Chris;1962-07-14;2015-11-13;4;620000
10;Maldonado;Ian;1975-11-10;2025-03-25;2;890000
11;Nguyen;Natalie;1971-06-21;2026-04-08;4;590000
12;Delgado;Jacob;1952-04-08;2025-01-25;1;390000
13;Dominguez;Steven;1974-11-11;2016-06-16;5;410000
14;Johnson;Michelle;1952-11-09;2019-12-02;1;790000
15;Johnson;Virginia;1952-09-30;2021-05-28;5;610000
16;Morales;Michael;1999-02-19;2013-08-22;2;260000
17;Hudson;Lisa;1953-10-07;2012-09-05;3;810000
18;Clark;Darlene;1961-12-09;2017-02-14;1;710000
19;Collins;Charles;1971-10-15;2009-11-13;6;480000
20;Duncan;Kenneth;1997-08-14;2019-03-03;3;470000
21;Norton;Melanie;2004-09-17;2013-11-24;5;660000
22;Jones;Julie;1975-03-03;2011-09-18;2;900000
23;Miles;Michael;1962-03-31;2021-03-08;2;330000
24;Rice;Benjamin;2002-06-01;2015-06-30;4;300000
25;Peterson;Kristen;2004-10-27;2025-01-28;1;710000
26;Molina;Alexander;1970-04-05;2025-08-08;5;440000
27;Lopez;Darius;1955-10-24;2019-08-10;4;870000
28;Mosley;Amber;2006-08-24;2022-11-24;5;570000
29;Baker;Caitlyn;1972-12-06;2017-04-03;1;250000
30;Green;Samantha;1960-04-18;2008-09-04;4;790000
31;Shepherd;Jessica;1962-07-19;2017-04-07;1;520000
32;Holt;James;1986-11-07;2008-11-14;2;720000
33;Lopez;Alexandra;1980-01-23;2007-03-20;1;590000
34;Oliver;Katelyn;2005-05-28;2019-02-18;1;570000
35;Bauer;Erica;1986-02-23;2020-02-26;4;640000
36;Chung;Chelsea;1992-06-30;2014-04-16;4;740000
37;Anderson;Susan;1987-03-06;2022-10-21;6;790000
38;Miller;Ethan;2004-01-07;2023-01-23;2;640000
39;Blevins;Jennifer;2004-08-17;2014-11-22;1;360000
40;Collins;Jennifer;1966-09-20;2019-04-23;6;830000
