supplier_id;supplier_name;start_of_contract;end_of_contract
SUP6901;Buck Inc;2017-07-22;2022-07-21
SUP1296;Cook, Taylor and Johnson;2018-12-02;2027-11-30
SUP7250;Smith LLC;2021-06-11;2027-06-10
SUP7104;Walker Group;2017-07-29;2025-07-27
SUP6063;Farmer-Jefferson;2019-07-31;2029-07-28
SUP4635;Ponce-Smith;2024-12-26;2032-12-24
SUP5458;Martin PLC;2018-10-28;2026-10-26
SUP8923;King, Hinton and Berger;2017-09-27;2026-09-25
SUP8951;Parker Inc;2020-11-28;2026-11-27
SUP0589;Harris-Wolf;2024-08-22;2030-08-21
SUP8524;Ritter, Gamble and Moon;2022-06-27;2027-06-26
SUP8479;Compton PLC;2019-02-26;2026-02-24
SUP9456;Figueroa Inc;2025-05-28;2032-05-26
SUP2388;Ayala, Smith and Neal;2017-02-08;2022-02-07
SUP2295;Smith Group;2020-07-25;2025-07-24
SUP0379;Barnes-Johnson;2019-02-21;2026-02-19
SUP4086;Freeman-Hughes;2022-01-31;2030-01-29
SUP2540;Henry, Jordan and Ford;2017-01-08;2027-01-06
SUP4465;Baker Group;2023-12-02;2031-11-30
SUP5919;Hoover-Nixon;2024-12-01;2033-11-29
